1451,PriceUpdate,0,1,1704420077105972017,[1,{12,1110499,697.8,,,,}]
3751,PriceUpdate,0,1,1704436200055162016,[1,{14,1110499,,,,,}]
3967,PriceUpdate,0,1,1704436200355170391,[1,{14,1110499,700,1,1,2,}]
3982,PriceUpdate,0,1,1704436200455173968,[1,{14,1110499,705,16,988,2,}]
4002,PriceUpdate,0,1,1704436200605177844,[1,{14,1110499,705,16,989,2,}]
4020,PriceUpdate,0,1,1704436200655178976,[1,{14,1110499,705,17,988,2,}]
4493,PriceUpdate,0,1,1704436201455201958,[1,{14,1110499,705,27,978,2,}]
4604,PriceUpdate,0,1,1704436201555205195,[1,{14,1110499,705,33,972,2,}]
6686,PriceUpdate,0,1,1704436205055301383,[1,{14,1110499,702.5,33,20,2,}]
6972,PriceUpdate,0,1,1704436205805322923,[1,{14,1110499,702.5,37,16,2,}]
7408,PriceUpdate,0,1,1704436206205335960,[1,{14,1110499,702.5,39,14,2,}]
7417,PriceUpdate,0,1,1704436206255336903,[1,{14,1110499,702.5,40,13,2,}]
7425,PriceUpdate,0,1,1704436206305338382,[1,{14,1110499,702.5,46,7,2,}]
7440,PriceUpdate,0,1,1704436206355340145,[1,{14,1110499,705,96,959,2,}]
7467,PriceUpdate,0,1,1704436206455343247,[1,{14,1110499,705,98,957,2,}]
7494,PriceUpdate,0,1,1704436206855352121,[1,{14,1110499,705,98,960,2,}]
7529,PriceUpdate,0,1,1704436206905353272,[1,{14,1110499,705,104,954,2,}]
7558,PriceUpdate,0,1,1704436207105359415,[1,{14,1110499,705,110,948,2,}]
8272,PriceUpdate,0,1,1704436210605451116,[1,{14,1110499,705,110,958,2,}]
9125,PriceUpdate,0,1,1704436217555672014,[1,{14,1110499,705,111,957,2,}]
10211,PriceUpdate,0,1,1704436223405853989,[1,{14,1110499,705,112,956,2,}]
10438,PriceUpdate,0,1,1704436224805909970,[1,{14,1110499,705,133,967,2,}]
10447,PriceUpdate,0,1,1704436224905912956,[1,{14,1110499,705,133,974,2,}]
10466,PriceUpdate,0,1,1704436224955914383,[1,{14,1110499,705,133,981,2,}]
10477,PriceUpdate,0,1,1704436225055917626,[1,{14,1110499,705,134,981,2,}]
10486,PriceUpdate,0,1,1704436225155919782,[1,{14,1110499,702.5,134,17,2,}]
10533,PriceUpdate,0,1,1704436225205921774,[1,{14,1110499,702.5,137,14,2,}]
10572,PriceUpdate,0,1,1704436225255922616,[1,{14,1110499,702.5,139,12,2,}]
10585,PriceUpdate,0,1,1704436225305924060,[1,{14,1110499,702.5,140,11,2,}]
10598,PriceUpdate,0,1,1704436225405927831,[1,{14,1110499,702.5,141,10,2,}]
10631,PriceUpdate,0,1,1704436225455930672,[1,{14,1110499,702.5,145,6,2,}]
10676,PriceUpdate,0,1,1704436225505934234,[1,{14,1110499,702.5,146,5,2,}]
10681,PriceUpdate,0,1,1704436225555938699,[1,{14,1110499,705,173,997,2,}]
10686,PriceUpdate,0,1,1704436225605941685,[1,{14,1110499,705,174,996,2,}]
10691,PriceUpdate,0,1,1704436225655944980,[1,{14,1110499,705,176,994,2,}]
10702,PriceUpdate,0,1,1704436225705949209,[1,{14,1110499,705,177,993,2,}]
10748,PriceUpdate,0,1,1704436225755960277,[1,{14,1110499,705,179,998,2,}]
11270,PriceUpdate,0,1,1704436229556284711,[1,{14,1110499,705,181,996,2,}]
11593,PriceUpdate,0,1,1704436231656428697,[1,{14,1110499,705,182,995,2,}]
11636,PriceUpdate,0,1,1704436231856434887,[1,{14,1110499,705,182,996,2,}]
11652,PriceUpdate,0,1,1704436231956441369,[1,{14,1110499,705,184,994,2,}]
11677,PriceUpdate,0,1,1704436232106447509,[1,{14,1110499,705,186,992,2,}]
12250,PriceUpdate,0,1,1704436234556544354,[1,{14,1110499,705,186,993,2,}]
12434,PriceUpdate,0,1,1704436235256575681,[1,{14,1110499,705,188,991,2,}]
12448,PriceUpdate,0,1,1704436235356580738,[1,{14,1110499,705,192,987,2,}]
12556,PriceUpdate,0,1,1704436235756595539,[1,{14,1110499,705,192,993,2,}]
12885,PriceUpdate,0,1,1704436238706703674,[1,{14,1110499,705,194,991,2,}]
13099,PriceUpdate,0,1,1704436246207021596,[1,{14,1110499,705,197,988,2,}]
13144,PriceUpdate,0,1,1704436248207087598,[1,{14,1110499,705,199,986,2,}]
13286,PriceUpdate,0,1,1704436252057221158,[1,{14,1110499,705,200,985,2,}]
13376,PriceUpdate,0,1,1704436253707268868,[1,{14,1110499,705,200,986,2,}]
14182,PriceUpdate,0,1,1704436275457995936,[1,{14,1110499,705,201,985,2,}]
15111,PriceUpdate,0,1,1704436329309557060,[1,{14,1110499,705,203,983,2,}]
22497,PriceUpdate,0,1,1704436804172995657,[1,{14,1110499,705,210,976,2,}]
22503,PriceUpdate,0,1,1704436805423035988,[1,{14,1110499,705,211,975,2,}]
22527,PriceUpdate,0,1,1704436812873267221,[1,{14,1110499,705,213,973,2,}]
22532,PriceUpdate,0,1,1704436815823352906,[1,{14,1110499,705,215,971,2,}]
22600,PriceUpdate,0,1,1704436839674126901,[1,{14,1110499,705,216,970,2,}]
22615,PriceUpdate,0,1,1704436844424277513,[1,{14,1110499,705,217,969,2,}]
22625,PriceUpdate,0,1,1704436847124359839,[1,{14,1110499,705,218,968,2,}]
22652,PriceUpdate,0,1,1704436852224531125,[1,{14,1110499,705,219,967,2,}]
22662,PriceUpdate,0,1,1704436857174695047,[1,{14,1110499,705,221,965,2,}]
22742,PriceUpdate,0,1,1704436865875021769,[1,{14,1110499,705,224,962,2,}]
22849,PriceUpdate,0,1,1704436969778284773,[1,{14,1110499,705,230,956,2,}]
22870,PriceUpdate,0,1,1704436970378302909,[1,{14,1110499,705,231,955,2,}]
23048,PriceUpdate,0,1,1704436977128516718,[1,{14,1110499,705,231,965,2,}]
23055,PriceUpdate,0,1,1704436977628548500,[1,{14,1110499,705,234,962,2,}]
23082,PriceUpdate,0,1,1704436979878633238,[1,{14,1110499,705,235,961,2,}]
23124,PriceUpdate,0,1,1704436984828801215,[1,{14,1110499,705,236,960,2,}]
23158,PriceUpdate,0,1,1704436991929040112,[1,{14,1110499,705,236,964,2,}]
23199,PriceUpdate,0,1,1704436994529130065,[1,{14,1110499,705,236,969,2,}]
23286,PriceUpdate,0,1,1704437104832532352,[1,{14,1110499,705,237,968,2,}]
23330,PriceUpdate,0,1,1704437114382843305,[1,{14,1110499,705,337,868,2,}]
23424,PriceUpdate,0,1,1704437120583011317,[1,{14,1110499,705,337,875,2,}]
23617,PriceUpdate,0,1,1704437133633430981,[1,{14,1110499,705,347,865,2,}]
24004,PriceUpdate,0,1,1704437184785176074,[1,{14,1110499,705,348,864,2,}]
24048,PriceUpdate,0,1,1704437200835659265,[1,{14,1110499,705,348,884,2,}]
24253,PriceUpdate,0,1,1704437238286816799,[1,{14,1110499,704.7,348,3,2,}]
24478,PriceUpdate,0,1,1704437295888741529,[1,{14,1110499,704.7,351,0,0,}]
24551,PriceUpdate,0,1,1704437314489301826,[1,{14,1110499,705,358,995,2,}]
24573,PriceUpdate,0,1,1704437328489738821,[1,{14,1110499,705,360,993,2,}]
24652,PriceUpdate,0,1,1704437356390688617,[1,{14,1110499,705,360,997,2,}]
24769,PriceUpdate,0,1,1704437375891245622,[1,{14,1110499,705,361,996,2,}]
24829,PriceUpdate,0,1,1704437395691867427,[1,{14,1110499,705,362,995,2,}]
24994,PriceUpdate,0,1,1704437444193422332,[1,{14,1110499,705,363,994,2,}]
25008,PriceUpdate,0,1,1704437448443594060,[1,{14,1110499,705,364,993,2,}]
25083,PriceUpdate,0,1,1704437472394345206,[1,{14,1110499,705,365,992,2,}]
25091,PriceUpdate,0,1,1704437472894358492,[1,{14,1110499,705,366,991,2,}]
25241,PriceUpdate,0,1,1704437483294702562,[1,{14,1110499,705,367,990,2,}]
25291,PriceUpdate,0,1,1704437488794880321,[1,{14,1110499,705,368,989,2,}]
25460,PriceUpdate,0,1,1704437537296489468,[1,{14,1110499,705,369,988,2,}]
25484,PriceUpdate,0,1,1704437541596619752,[1,{14,1110499,705,371,986,2,}]
25494,PriceUpdate,0,1,1704437542746670974,[1,{14,1110499,705,375,982,2,}]
25994,PriceUpdate,0,1,1704437884557705995,[1,{14,1110499,705,596,761,2,}]
26000,PriceUpdate,0,1,1704437895958018332,[1,{14,1110499,705,596,944,2,}]
26006,PriceUpdate,0,1,1704437900358145111,[1,{14,1110499,705,596,977,2,}]
26105,PriceUpdate,0,1,1704438000111230858,[1,{14,1110499,705,608,965,2,}]
26138,PriceUpdate,0,1,1704438002411340242,[1,{14,1110499,705,608,975,2,}]
26246,PriceUpdate,0,1,1704438005061428036,[1,{14,1110499,697.8,766,27,1,}]
26297,PriceUpdate,0,1,1704438006511497991,[1,{14,1110499,697.9,766,0,0,}]
26352,PriceUpdate,0,1,1704438014161739553,[1,{14,1110499,698,766,0,0,}]
26402,PriceUpdate,0,1,1704438024712056873,[1,{14,1110499,698,766,3,1,}]
26412,PriceUpdate,0,1,1704438026862116173,[1,{14,1110499,698,766,4,1,}]
26474,PriceUpdate,0,1,1704438039162470716,[1,{14,1110499,698,766,5,1,}]
26481,PriceUpdate,0,1,1704438039212471755,[1,{14,1110499,698,773,10,1,}]
26495,PriceUpdate,0,1,1704438041962561435,[1,{14,1110499,698,773,11,1,}]
26567,PriceUpdate,0,1,1704438063313234518,[1,{14,1110499,698.4,775,18,2,}]
26603,PriceUpdate,0,1,1704438066913344166,[1,{14,1110499,698.4,777,16,2,}]
26731,PriceUpdate,0,1,1704438094014222840,[1,{14,1110499,697.8,803,16,1,}]
27199,PriceUpdate,0,1,1704438142315817704,[1,{14,1110499,697.8,803,17,1,}]
27216,PriceUpdate,0,1,1704438144015868699,[1,{14,1110499,697.8,803,25,1,}]
27276,PriceUpdate,0,1,1704438149466026464,[1,{14,1110499,697.8,803,26,1,}]
27550,PriceUpdate,0,1,1704438204067787470,[1,{14,1110499,697.8,803,27,1,}]
27601,PriceUpdate,0,1,1704438211518028700,[1,{14,1110499,698.4,817,6,2,}]
27604,PriceUpdate,0,1,1704438211568030872,[1,{14,1110499,698.5,823,1,1,}]
27897,PriceUpdate,0,1,1704438302120892741,[1,{14,1110499,699,828,7,2,}]
27944,PriceUpdate,0,1,1704438326621655118,[1,{14,1110499,699,828,9,2,}]
27949,PriceUpdate,0,1,1704438326671656842,[1,{14,1110499,698.7,825,1,1,}]
28149,PriceUpdate,0,1,1704438376523277054,[1,{14,1110499,699,829,8,2,}]
28152,PriceUpdate,0,1,1704438376573278845,[1,{14,1110499,699,829,4,2,}]
28155,PriceUpdate,0,1,1704438385223577846,[1,{14,1110499,695,1679,1080,1,}]
28160,PriceUpdate,0,1,1704438385273578626,[1,{14,1110499,695,1679,1183,1,}]
28206,PriceUpdate,0,1,1704438482326584765,[1,{14,1110499,702.5,897,12,2,}]
28217,PriceUpdate,0,1,1704438482376586318,[1,{14,1110499,698.7,823,4,1,}]
28230,PriceUpdate,0,1,1704438500077111325,[1,{14,1110499,695,1681,1071,1,}]
28396,PriceUpdate,0,1,1704438659682184982,[1,{14,1110499,695,1684,1068,1,}]
28403,PriceUpdate,0,1,1704438659732185791,[1,{14,1110499,695,1727,1118,1,}]
28419,PriceUpdate,0,1,1704438701683525716,[1,{14,1110499,695,1727,1119,1,}]
28503,PriceUpdate,0,1,1704438838937914310,[1,{14,1110499,695,1727,1120,1,}]
28508,PriceUpdate,0,1,1704438838987916182,[1,{14,1110499,695,1721,1111,1,}]
28538,PriceUpdate,0,1,1704438887489448771,[1,{14,1110499,695,1721,1113,1,}]
28553,PriceUpdate,0,1,1704438900039813842,[1,{14,1110499,695,1739,1122,1,}]
28579,PriceUpdate,0,1,1704438902039873333,[1,{14,1110499,695,1739,1295,1,}]
28593,PriceUpdate,0,1,1704438905039964601,[1,{14,1110499,695,2260,774,1,}]
28599,PriceUpdate,0,1,1704438905089967176,[1,{14,1110499,695,2287,794,1,}]
28620,PriceUpdate,0,1,1704438907040032739,[1,{14,1110499,695,2328,893,1,}]
28884,PriceUpdate,0,1,1704438910490148488,[1,{14,1110499,695,2328,913,1,}]
29670,PriceUpdate,0,1,1704438913490362774,[1,{14,1110499,695,2328,934,1,}]
29673,PriceUpdate,0,1,1704438913540365336,[1,{14,1110499,695,2328,993,1,}]
29741,PriceUpdate,0,1,1704438923040751141,[1,{14,1110499,695,2347,974,1,}]
29805,PriceUpdate,0,1,1704438940391359234,[1,{14,1110499,695,2348,973,1,}]
29866,PriceUpdate,0,1,1704438958641929893,[1,{14,1110499,695,2359,962,1,}]
29957,PriceUpdate,0,1,1704439031894251952,[1,{14,1110499,695,2359,966,1,}]
30296,PriceUpdate,0,1,1704439440858076337,[1,{14,1110499,695,2363,962,1,}]
30301,PriceUpdate,0,1,1704439440908077242,[1,{14,1110499,695,2348,951,1,}]
30452,PriceUpdate,0,1,1704439476759034863,[1,{14,1110499,695,2348,954,1,}]
30455,PriceUpdate,0,1,1704439480609144491,[1,{14,1110499,695,2360,942,1,}]
30549,PriceUpdate,0,1,1704439498209616024,[1,{14,1110499,695,2420,882,1,}]
31307,PriceUpdate,0,1,1704439750468325932,[1,{14,1110499,695,2422,880,1,}]
31310,PriceUpdate,0,1,1704439750518328536,[1,{14,1110499,695,2416,886,1,}]
31315,PriceUpdate,0,1,1704439753268403331,[1,{14,1110499,695,2426,876,1,}]
31328,PriceUpdate,0,1,1704439771268883717,[1,{14,1110499,695,2427,875,1,}]
31331,PriceUpdate,0,1,1704439771518890155,[1,{14,1110499,695,2427,876,1,}]
31601,PriceUpdate,0,1,1704439850471028479,[1,{14,1110499,695,2427,878,1,}]
31604,PriceUpdate,0,1,1704439850521029446,[1,{14,1110499,695,2427,866,1,}]
31607,PriceUpdate,0,1,1704439857171199941,[1,{14,1110499,695,2427,922,1,}]
31665,PriceUpdate,0,1,1704439862821345282,[1,{14,1110499,695,2427,962,1,}]
31670,PriceUpdate,0,1,1704439862921347597,[1,{14,1110499,695,2427,982,1,}]
31942,PriceUpdate,0,1,1704439987175178653,[1,{14,1110499,695,2427,983,1,}]
31983,PriceUpdate,0,1,1704440015126101166,[1,{14,1110499,695,2427,985,1,}]
31986,PriceUpdate,0,1,1704440015176102358,[1,{14,1110499,695,2421,991,1,}]
32025,PriceUpdate,0,1,1704440047727190186,[1,{14,1110499,695,2425,987,1,}]
32034,PriceUpdate,0,1,1704440049627246415,[1,{14,1110499,695,2425,1006,1,}]
32045,PriceUpdate,0,1,1704440073977962051,[1,{14,1110499,695,2425,1018,1,}]
32052,PriceUpdate,0,1,1704440074777982693,[1,{14,1110499,695,2425,1019,1,}]
32062,PriceUpdate,0,1,1704440074827983549,[1,{14,1110499,695,2425,1020,1,}]
32132,PriceUpdate,0,1,1704440091428523965,[1,{14,1110499,695,2425,1023,1,}]
32135,PriceUpdate,0,1,1704440091478526336,[1,{14,1110499,695,2425,1014,1,}]
32172,PriceUpdate,0,1,1704440108979073977,[1,{14,1110499,695,2643,796,1,}]
32177,PriceUpdate,0,1,1704440109029076573,[1,{14,1110499,695,2650,821,1,}]
32188,PriceUpdate,0,1,1704440109429090670,[1,{14,1110499,695,2650,824,1,}]
32299,PriceUpdate,0,1,1704440158080601543,[1,{14,1110499,695,2650,829,1,}]
32302,PriceUpdate,0,1,1704440158130603938,[1,{14,1110499,695,2650,842,1,}]
32351,PriceUpdate,0,1,1704440224882805053,[1,{14,1110499,695,2650,843,1,}]
32581,PriceUpdate,0,1,1704440400188284809,[1,{14,1110499,695,2650,873,1,}]
32586,PriceUpdate,0,1,1704440400238287184,[1,{14,1110499,695,2643,870,1,}]
32616,PriceUpdate,0,1,1704440412488664552,[1,{14,1110499,695,2643,871,1,}]
32658,PriceUpdate,0,1,1704440432339301164,[1,{14,1110499,695,2643,964,1,}]
32661,PriceUpdate,0,1,1704440433039321262,[1,{14,1110499,695,2643,967,1,}]
32664,PriceUpdate,0,1,1704440433839344495,[1,{14,1110499,695,2643,968,1,}]
32705,PriceUpdate,0,1,1704440436439455522,[1,{14,1110499,695,2643,969,1,}]
32770,PriceUpdate,0,1,1704440439889579610,[1,{14,1110499,695,2683,929,1,}]
33081,PriceUpdate,0,1,1704440487040999037,[1,{14,1110499,695,2683,930,1,}]
33199,PriceUpdate,0,1,1704440560493299748,[1,{14,1110499,695,2690,923,1,}]
33363,PriceUpdate,0,1,1704440677146952065,[1,{14,1110499,695,2690,953,1,}]
33369,PriceUpdate,0,1,1704440677196954538,[1,{14,1110499,695,2690,946,1,}]
33392,PriceUpdate,0,1,1704440695697564430,[1,{14,1110499,695,2690,947,1,}]
35034,PriceUpdate,0,1,1704440707898399234,[1,{14,1110499,695,2690,953,1,}]
35041,PriceUpdate,0,1,1704440707998405534,[1,{14,1110499,695,2692,951,1,}]
35323,PriceUpdate,0,1,1704440710848562754,[1,{14,1110499,695,2692,970,1,}]
35714,PriceUpdate,0,1,1704440713098893227,[1,{14,1110499,695,2692,995,1,}]
36739,PriceUpdate,0,1,1704440715499389347,[1,{14,1110499,695,2879,808,1,}]
36758,PriceUpdate,0,1,1704440715549390908,[1,{14,1110499,695,2879,814,1,}]
37533,PriceUpdate,0,1,1704440718349503685,[1,{14,1110499,695,3061,632,1,}]
37555,PriceUpdate,0,1,1704440718399506260,[1,{14,1110499,695,3069,637,1,}]
37589,PriceUpdate,0,1,1704440718449512595,[1,{14,1110499,695,3069,679,1,}]
44768,PriceUpdate,0,1,1704440757901092282,[1,{14,1110499,695,3069,681,1,}]
44771,PriceUpdate,0,1,1704440757951094203,[1,{14,1110499,695,3069,686,1,}]
44881,PriceUpdate,0,1,1704440805903429690,[1,{14,1110499,695,3069,687,1,}]
44940,PriceUpdate,0,1,1704440819253820271,[1,{14,1110499,695,3069,794,1,}]
45047,PriceUpdate,0,1,1704440829204101486,[1,{14,1110499,695,3069,904,1,}]
45072,PriceUpdate,0,1,1704440833004206850,[1,{14,1110499,695,3069,906,1,}]
45200,PriceUpdate,0,1,1704440888855793865,[1,{14,1110499,695,3069,921,1,}]
45293,PriceUpdate,0,1,1704440929906877740,[1,{14,1110499,695,3069,922,1,}]
45313,PriceUpdate,0,1,1704440943807256380,[1,{14,1110499,695,3069,921,1,}]
45403,PriceUpdate,0,1,1704440998858733738,[1,{14,1110499,695,3069,938,1,}]
45408,PriceUpdate,0,1,1704440998908735405,[1,{14,1110499,695,3063,935,1,}]
45489,PriceUpdate,0,1,1704441001708810016,[1,{14,1110499,695,3063,937,1,}]
45545,PriceUpdate,0,1,1704441006458942105,[1,{14,1110499,695,3067,933,1,}]
45549,PriceUpdate,0,1,1704441006508944906,[1,{14,1110499,695,3087,913,1,}]
45562,PriceUpdate,0,1,1704441006758953724,[1,{14,1110499,695,3087,934,1,}]
45568,PriceUpdate,0,1,1704441006908957870,[1,{14,1110499,695,3087,943,1,}]
45592,PriceUpdate,0,1,1704441007408974273,[1,{14,1110499,695,3087,1272,1,}]
45600,PriceUpdate,0,1,1704441007958989719,[1,{14,1110499,695,3087,1296,1,}]
45670,PriceUpdate,0,1,1704441009459030200,[1,{14,1110499,695,3087,1564,1,}]
45674,PriceUpdate,0,1,1704441009609034248,[1,{14,1110499,695,3087,1577,1,}]
45893,PriceUpdate,0,1,1704441016759261412,[1,{14,1110499,695,3396,1268,1,}]
45896,PriceUpdate,0,1,1704441016809263046,[1,{14,1110499,695,3396,1273,1,}]
45918,PriceUpdate,0,1,1704441018809319436,[1,{14,1110499,695,3396,1446,1,}]
45931,PriceUpdate,0,1,1704441019659343003,[1,{14,1110499,695,3396,1499,1,}]
45936,PriceUpdate,0,1,1704441019759347119,[1,{14,1110499,695,3396,1532,1,}]
45980,PriceUpdate,0,1,1704441020209358912,[1,{14,1110499,695,3613,1315,1,}]
46042,PriceUpdate,0,1,1704441021759406056,[1,{14,1110499,695,3613,1330,1,}]
46045,PriceUpdate,0,1,1704441021809407632,[1,{14,1110499,695,3671,1272,1,}]
46301,PriceUpdate,0,1,1704441029609746659,[1,{14,1110499,695,3854,1089,1,}]
46309,PriceUpdate,0,1,1704441029659749351,[1,{14,1110499,695,3878,1106,1,}]
46314,PriceUpdate,0,1,1704441029709751328,[1,{14,1110499,695,3878,1152,1,}]
46354,PriceUpdate,0,1,1704441030209763461,[1,{14,1110499,695,3946,1084,1,}]
46401,PriceUpdate,0,1,1704441031609803146,[1,{14,1110499,695,4128,902,1,}]
46412,PriceUpdate,0,1,1704441031809808579,[1,{14,1110499,695,4179,856,1,}]
46427,PriceUpdate,0,1,1704441032109817827,[1,{14,1110499,695,4361,674,1,}]
46481,PriceUpdate,0,1,1704441036809951133,[1,{14,1110499,695,4381,654,1,}]
46507,PriceUpdate,0,1,1704441043010115773,[1,{14,1110499,695,4381,655,1,}]
46510,PriceUpdate,0,1,1704441043110118053,[1,{14,1110499,695,4381,708,1,}]
46519,PriceUpdate,0,1,1704441045210180847,[1,{14,1110499,695,4381,709,1,}]
46561,PriceUpdate,0,1,1704441049960310991,[1,{14,1110499,695,4198,892,1,}]
46569,PriceUpdate,0,1,1704441050010313324,[1,{14,1110499,695,4198,916,1,}]
46591,PriceUpdate,0,1,1704441051810361235,[1,{14,1110499,695,4178,936,1,}]
46596,PriceUpdate,0,1,1704441051960365325,[1,{14,1110499,695,4183,931,1,}]
46653,PriceUpdate,0,1,1704441055810470658,[1,{14,1110499,695,4258,856,1,}]
46684,PriceUpdate,0,1,1704441056560489394,[1,{14,1110499,695,4265,849,1,}]
46716,PriceUpdate,0,1,1704441056810496833,[1,{14,1110499,695,4274,840,1,}]
46757,PriceUpdate,0,1,1704441058360533972,[1,{14,1110499,695,4341,773,1,}]
46776,PriceUpdate,0,1,1704441059760571697,[1,{14,1110499,695,4341,779,1,}]
46788,PriceUpdate,0,1,1704441059810573371,[1,{14,1110499,695,4355,788,1,}]
46806,PriceUpdate,0,1,1704441060060578740,[1,{14,1110499,695,4355,818,1,}]
46817,PriceUpdate,0,1,1704441060110580364,[1,{14,1110499,695,4694,852,1,}]
46838,PriceUpdate,0,1,1704441061810623335,[1,{14,1110499,695,4741,805,1,}]
46885,PriceUpdate,0,1,1704441071010880147,[1,{14,1110499,695,4741,841,1,}]
46909,PriceUpdate,0,1,1704441074510972464,[1,{14,1110499,695,4741,865,1,}]
46954,PriceUpdate,0,1,1704441083061301570,[1,{14,1110499,695,4986,620,1,}]
46957,PriceUpdate,0,1,1704441083111303336,[1,{14,1110499,695,4986,644,1,}]
46960,PriceUpdate,0,1,1704441083161304771,[1,{14,1110499,695,4986,668,1,}]
46965,PriceUpdate,0,1,1704441084811343660,[1,{14,1110499,695,4986,698,1,}]
46979,PriceUpdate,0,1,1704441086811401848,[1,{14,1110499,695,5013,671,1,}]
47051,PriceUpdate,0,1,1704441096111649584,[1,{14,1110499,695,5021,663,1,}]
47060,PriceUpdate,0,1,1704441096161652069,[1,{14,1110499,695,5042,676,1,}]
47064,PriceUpdate,0,1,1704441096811669723,[1,{14,1110499,695,5046,672,1,}]
47067,PriceUpdate,0,1,1704441099211731238,[1,{14,1110499,695,5296,422,1,}]
47085,PriceUpdate,0,1,1704441101811802489,[1,{14,1110499,695,5323,395,1,}]
47113,PriceUpdate,0,1,1704441103711850232,[1,{14,1110499,695,5323,508,1,}]
47161,PriceUpdate,0,1,1704441110662034861,[1,{14,1110499,695,5330,501,1,}]
47178,PriceUpdate,0,1,1704441110762038189,[1,{14,1110499,695,5330,717,1,}]
47855,PriceUpdate,0,1,1704441191865623683,[1,{14,1110499,695,5330,908,1,}]
47885,PriceUpdate,0,1,1704441191915626320,[1,{14,1110499,695,5339,924,1,}]
47918,PriceUpdate,0,1,1704441196015793778,[1,{14,1110499,695,5339,733,1,}]
48034,PriceUpdate,0,1,1704441200915954126,[1,{14,1110499,695,6072,97,2,}]
48045,PriceUpdate,0,1,1704441201815981053,[1,{14,1110499,695,6072,180,2,}]
48048,PriceUpdate,0,1,1704441201915985665,[1,{14,1110499,695,6146,106,2,}]
48169,PriceUpdate,0,1,1704441213766346993,[1,{14,1110499,695,6146,111,2,}]
48294,PriceUpdate,0,1,1704441231516849121,[1,{14,1110499,695,6257,71,1,}]
48311,PriceUpdate,0,1,1704441231566851727,[1,{14,1110499,695,6285,119,1,}]
48326,PriceUpdate,0,1,1704441231816858329,[1,{14,1110499,695,6300,104,1,}]
49019,PriceUpdate,0,1,1704441270368019993,[1,{14,1110499,695,6291,9,2,}]
49067,PriceUpdate,0,1,1704441272518080693,[1,{14,1110499,695,6181,119,2,}]
49087,PriceUpdate,0,1,1704441276818196105,[1,{14,1110499,695,6181,104,2,}]
49118,PriceUpdate,0,1,1704441278618252846,[1,{14,1110499,695,6074,211,2,}]
49161,PriceUpdate,0,1,1704441281818353891,[1,{14,1110499,695,6074,202,2,}]
49187,PriceUpdate,0,1,1704441284268421865,[1,{14,1110499,695,6075,201,2,}]
49219,PriceUpdate,0,1,1704441287568540579,[1,{14,1110499,695,6076,200,2,}]
49254,PriceUpdate,0,1,1704441291318640153,[1,{14,1110499,695,6076,153,2,}]
49367,PriceUpdate,0,1,1704441300718919635,[1,{14,1110499,695,6086,143,2,}]
49380,PriceUpdate,0,1,1704441300868922965,[1,{14,1110499,695,6085,162,2,}]
49388,PriceUpdate,0,1,1704441301018927158,[1,{14,1110499,695,6085,164,2,}]
49421,PriceUpdate,0,1,1704441301818949671,[1,{14,1110499,695,6085,167,2,}]
49467,PriceUpdate,0,1,1704441304719117455,[1,{14,1110499,695,6085,112,2,}]
49486,PriceUpdate,0,1,1704441307719230955,[1,{14,1110499,695,6089,108,2,}]
49506,PriceUpdate,0,1,1704441309519307460,[1,{14,1110499,695,6098,99,2,}]
49580,PriceUpdate,0,1,1704441318669574880,[1,{14,1110499,695,6099,98,2,}]
49630,PriceUpdate,0,1,1704441323019698388,[1,{14,1110499,695,6099,205,2,}]
49720,PriceUpdate,0,1,1704441325019758610,[1,{14,1110499,694,6189,63,1,}]
49743,PriceUpdate,0,1,1704441326819809238,[1,{14,1110499,694,6200,52,1,}]
49789,PriceUpdate,0,1,1704441330369908567,[1,{14,1110499,695,5808,291,1,}]
49807,PriceUpdate,0,1,1704441330419909759,[1,{14,1110499,695,5793,265,1,}]
49815,PriceUpdate,0,1,1704441330469911027,[1,{14,1110499,693.5,6238,4,1,}]
49839,PriceUpdate,0,1,1704441332019956626,[1,{14,1110499,693.5,6238,5,1,}]
49855,PriceUpdate,0,1,1704441333019984258,[1,{14,1110499,693.5,6238,7,1,}]
49976,PriceUpdate,0,1,1704441338170118696,[1,{14,1110499,694,6125,89,1,}]
49999,PriceUpdate,0,1,1704441340020171335,[1,{14,1110499,694,6129,85,1,}]
50035,PriceUpdate,0,1,1704441342620242068,[1,{14,1110499,695,6061,189,2,}]
50062,PriceUpdate,0,1,1704441347120377621,[1,{14,1110499,695,6238,12,2,}]
50083,PriceUpdate,0,1,1704441347220380122,[1,{14,1110499,695,6250,169,1,}]
50168,PriceUpdate,0,1,1704441350970484071,[1,{14,1110499,695,6238,12,2,}]
50214,PriceUpdate,0,1,1704441356170630222,[1,{14,1110499,695,6061,189,2,}]
50277,PriceUpdate,0,1,1704441368070933975,[1,{14,1110499,695,6052,198,2,}]
50332,PriceUpdate,0,1,1704441373621081160,[1,{14,1110499,693.5,6236,11,2,}]
50352,PriceUpdate,0,1,1704441373671082547,[1,{14,1110499,693.5,6261,13,1,}]
50406,PriceUpdate,0,1,1704441379121221178,[1,{14,1110499,695,6090,217,2,}]
50412,PriceUpdate,0,1,1704441379671235581,[1,{14,1110499,695,6090,480,2,}]
50428,PriceUpdate,0,1,1704441381671289581,[1,{14,1110499,694.1,6128,18,1,}]
50510,PriceUpdate,0,1,1704441391771590400,[1,{14,1110499,694.1,6128,7,1,}]
50582,PriceUpdate,0,1,1704441397571751078,[1,{14,1110499,694.5,6128,3,1,}]
50882,PriceUpdate,0,1,1704441422372431038,[1,{14,1110499,695,6101,293,2,}]
51468,PriceUpdate,0,1,1704441450823867200,[1,{14,1110499,695,6123,271,2,}]
51897,PriceUpdate,0,1,1704441471824721548,[1,{14,1110499,695,6123,277,2,}]
51906,PriceUpdate,0,1,1704441472074732361,[1,{14,1110499,695,6123,342,2,}]
52224,PriceUpdate,0,1,1704441509575787793,[1,{14,1110499,694,6224,52,1,}]
52467,PriceUpdate,0,1,1704441532326452498,[1,{14,1110499,695,6312,403,2,}]
52589,PriceUpdate,0,1,1704441536476590808,[1,{14,1110499,694,6465,150,2,}]
52916,PriceUpdate,0,1,1704441544977010722,[1,{14,1110499,694,6535,80,2,}]
52924,PriceUpdate,0,1,1704441545077014561,[1,{14,1110499,694,6581,34,2,}]
52929,PriceUpdate,0,1,1704441545127016910,[1,{14,1110499,694,6591,34,2,}]
52934,PriceUpdate,0,1,1704441545177020008,[1,{14,1110499,694,6609,16,2,}]
53093,PriceUpdate,0,1,1704441555227418102,[1,{14,1110499,694,6609,4,2,}]
53490,PriceUpdate,0,1,1704441567127803174,[1,{14,1110499,695,6456,400,2,}]
53498,PriceUpdate,0,1,1704441567227806727,[1,{14,1110499,695,6455,401,2,}]
53609,PriceUpdate,0,1,1704441569377865940,[1,{14,1110499,693,6898,101,1,}]
53702,PriceUpdate,0,1,1704441570027883931,[1,{14,1110499,693,6905,94,1,}]
53732,PriceUpdate,0,1,1704441570127885261,[1,{14,1110499,693,6984,15,1,}]
53762,PriceUpdate,0,1,1704441570177887683,[1,{14,1110499,693.1,6996,26,1,}]
53770,PriceUpdate,0,1,1704441570227889350,[1,{14,1110499,693.1,6996,31,1,}]
53796,PriceUpdate,0,1,1704441570477925933,[1,{14,1110499,693.1,7002,25,1,}]
53890,PriceUpdate,0,1,1704441571727971954,[1,{14,1110499,693.2,7002,5,1,}]
53925,PriceUpdate,0,1,1704441572177989248,[1,{14,1110499,693.2,7002,6,1,}]
54116,PriceUpdate,0,1,1704441573628054735,[1,{14,1110499,693.6,7002,0,0,}]
54143,PriceUpdate,0,1,1704441574128070354,[1,{14,1110499,693.5,7006,12,1,}]
54155,PriceUpdate,0,1,1704441574178071706,[1,{14,1110499,693.2,7021,11,1,}]
54166,PriceUpdate,0,1,1704441574328077788,[1,{14,1110499,693.1,7045,20,1,}]
54172,PriceUpdate,0,1,1704441574378078522,[1,{14,1110499,695,7786,26,1,}]
54184,PriceUpdate,0,1,1704441574428080209,[1,{14,1110499,695,7829,49,1,}]
54296,PriceUpdate,0,1,1704441576178188279,[1,{14,1110499,695,7829,51,1,}]
54344,PriceUpdate,0,1,1704441576778206897,[1,{14,1110499,695,7691,138,2,}]
54536,PriceUpdate,0,1,1704441580178333427,[1,{14,1110499,695,7690,139,2,}]
54543,PriceUpdate,0,1,1704441580228451088,[1,{14,1110499,695,7806,59,2,}]
54562,PriceUpdate,0,1,1704441580278453182,[1,{14,1110499,695,7678,128,1,}]
54600,PriceUpdate,0,1,1704441580328457201,[1,{14,1110499,695,7648,345,1,}]
54663,PriceUpdate,0,1,1704441580928489006,[1,{14,1110499,695,7466,527,1,}]
54688,PriceUpdate,0,1,1704441580978489719,[1,{14,1110499,695,7460,533,1,}]
54782,PriceUpdate,0,1,1704441581728519874,[1,{14,1110499,695,7460,547,1,}]
54805,PriceUpdate,0,1,1704441581828523929,[1,{14,1110499,695,7278,729,1,}]
54832,PriceUpdate,0,1,1704441581878525363,[1,{14,1110499,695,7261,750,1,}]
55001,PriceUpdate,0,1,1704441583678587410,[1,{14,1110499,695,7261,736,1,}]
55274,PriceUpdate,0,1,1704441585128671844,[1,{14,1110499,695,7554,443,1,}]
55297,PriceUpdate,0,1,1704441585178675431,[1,{14,1110499,695,7585,412,1,}]
55532,PriceUpdate,0,1,1704441585478778401,[1,{14,1110499,695,7585,439,1,}]
55577,PriceUpdate,0,1,1704441585578790009,[1,{14,1110499,695,7656,368,1,}]
55598,PriceUpdate,0,1,1704441585628791799,[1,{14,1110499,695,7669,389,1,}]
55726,PriceUpdate,0,1,1704441585978883272,[1,{14,1110499,695,7705,353,1,}]
55809,PriceUpdate,0,1,1704441586328893980,[1,{14,1110499,695,7705,171,1,}]
56235,PriceUpdate,0,1,1704441587928935182,[1,{14,1110499,695,7695,10,2,}]
56270,PriceUpdate,0,1,1704441587978936511,[1,{14,1110499,695,7695,16,2,}]
56375,PriceUpdate,0,1,1704441588328943797,[1,{14,1110499,694.3,7785,15,2,}]
56394,PriceUpdate,0,1,1704441588378944880,[1,{14,1110499,694,7798,110,1,}]
56416,PriceUpdate,0,1,1704441588428947435,[1,{14,1110499,694,7798,51,1,}]
56676,PriceUpdate,0,1,1704441590029176922,[1,{14,1110499,694,7797,52,1,}]
56805,PriceUpdate,0,1,1704441590079198627,[1,{14,1110499,694,7797,51,1,}]
56881,PriceUpdate,0,1,1704441590129200542,[1,{14,1110499,695,7646,538,2,}]
56906,PriceUpdate,0,1,1704441590179203068,[1,{14,1110499,695,7646,418,2,}]
56989,PriceUpdate,0,1,1704441590329311956,[1,{14,1110499,694,7919,32,2,}]
57052,PriceUpdate,0,1,1704441590379314558,[1,{14,1110499,694,7799,158,2,}]
57221,PriceUpdate,0,1,1704441590929334001,[1,{14,1110499,694,7799,174,2,}]
57366,PriceUpdate,0,1,1704441591579357951,[1,{14,1110499,694,7799,222,2,}]
57497,PriceUpdate,0,1,1704441592629389994,[1,{14,1110499,693.2,8072,72,1,}]
57524,PriceUpdate,0,1,1704441592679392193,[1,{14,1110499,693,8068,155,1,}]
57541,PriceUpdate,0,1,1704441592729394704,[1,{14,1110499,693,8083,140,1,}]
57576,PriceUpdate,0,1,1704441593029403781,[1,{14,1110499,693,8083,179,1,}]
57598,PriceUpdate,0,1,1704441593079405461,[1,{14,1110499,693,8111,197,1,}]
57659,PriceUpdate,0,1,1704441593129407032,[1,{14,1110499,693,8143,165,1,}]
57727,PriceUpdate,0,1,1704441593329418320,[1,{14,1110499,693,8156,152,1,}]
57795,PriceUpdate,0,1,1704441593629428778,[1,{14,1110499,693,8160,148,1,}]
57847,PriceUpdate,0,1,1704441593829436788,[1,{14,1110499,693,8202,106,1,}]
57887,PriceUpdate,0,1,1704441594129447931,[1,{14,1110499,693,8206,102,1,}]
57986,PriceUpdate,0,1,1704441594429460929,[1,{14,1110499,692.9,8312,378,2,}]
58009,PriceUpdate,0,1,1704441594479462701,[1,{14,1110499,692.9,8312,414,2,}]
58019,PriceUpdate,0,1,1704441594529463809,[1,{14,1110499,692.9,8512,214,2,}]
58041,PriceUpdate,0,1,1704441594579465946,[1,{14,1110499,692.9,8547,192,2,}]
58063,PriceUpdate,0,1,1704441594629468777,[1,{14,1110499,692.9,8548,223,2,}]
58208,PriceUpdate,0,1,1704441595029481267,[1,{14,1110499,692.9,8594,106,2,}]
58295,PriceUpdate,0,1,1704441595079482975,[1,{14,1110499,693,8750,117,1,}]
58342,PriceUpdate,0,1,1704441595129519013,[1,{14,1110499,693,8734,133,1,}]
58385,PriceUpdate,0,1,1704441595179523024,[1,{14,1110499,693,8804,63,1,}]
58459,PriceUpdate,0,1,1704441595279526710,[1,{14,1110499,692.5,9285,1030,2,}]
58500,PriceUpdate,0,1,1704441595329544458,[1,{14,1110499,692.5,9165,1186,2,}]
58582,PriceUpdate,0,1,1704441595529551949,[1,{14,1110499,692.5,9165,1229,2,}]
58633,PriceUpdate,0,1,1704441595629556303,[1,{14,1110499,692.5,9165,1273,2,}]
58654,PriceUpdate,0,1,1704441595679557887,[1,{14,1110499,692.5,9218,1240,2,}]
58683,PriceUpdate,0,1,1704441595779559915,[1,{14,1110499,692,9554,1073,1,}]
58705,PriceUpdate,0,1,1704441595829561638,[1,{14,1110499,692,9554,953,1,}]
58748,PriceUpdate,0,1,1704441596029568788,[1,{14,1110499,692,9554,1054,1,}]
58821,PriceUpdate,0,1,1704441596129571712,[1,{14,1110499,692,9594,1014,1,}]
58920,PriceUpdate,0,1,1704441596279574546,[1,{14,1110499,692,9843,765,1,}]
58937,PriceUpdate,0,1,1704441596329576680,[1,{14,1110499,692,9850,758,1,}]
59074,PriceUpdate,0,1,1704441596629585780,[1,{14,1110499,692,9878,730,1,}]
59175,PriceUpdate,0,1,1704441596779592173,[1,{14,1110499,692,9646,962,1,}]
59377,PriceUpdate,0,1,1704441597129600789,[1,{14,1110499,692,9670,938,1,}]
59399,PriceUpdate,0,1,1704441597179602299,[1,{14,1110499,692,9685,963,1,}]
59445,PriceUpdate,0,1,1704441597229603206,[1,{14,1110499,692,9685,780,1,}]
59490,PriceUpdate,0,1,1704441597279604772,[1,{14,1110499,692,9707,758,1,}]
59758,PriceUpdate,0,1,1704441597629616871,[1,{14,1110499,692,9826,639,1,}]
59846,PriceUpdate,0,1,1704441597679618195,[1,{14,1110499,692,9826,701,1,}]
59954,PriceUpdate,0,1,1704441597779620390,[1,{14,1110499,692,9826,811,1,}]
60026,PriceUpdate,0,1,1704441597829621312,[1,{14,1110499,692.5,10080,17,2,}]
60105,PriceUpdate,0,1,1704441597879623011,[1,{14,1110499,692.5,10108,21,2,}]
60199,PriceUpdate,0,1,1704441597929624086,[1,{14,1110499,692.1,10222,124,1,}]
60267,PriceUpdate,0,1,1704441597979624755,[1,{14,1110499,692.1,10266,20,1,}]
60314,PriceUpdate,0,1,1704441598029626737,[1,{14,1110499,692.1,10266,87,1,}]
60386,PriceUpdate,0,1,1704441598079628364,[1,{14,1110499,692.1,10644,7,2,}]
60457,PriceUpdate,0,1,1704441598129629826,[1,{14,1110499,692,10747,1008,1,}]
60526,PriceUpdate,0,1,1704441598179632419,[1,{14,1110499,692,10853,902,1,}]
60570,PriceUpdate,0,1,1704441598229634241,[1,{14,1110499,692,10889,914,1,}]
60611,PriceUpdate,0,1,1704441598279635980,[1,{14,1110499,692,11125,678,1,}]
60684,PriceUpdate,0,1,1704441598329637022,[1,{14,1110499,692,10984,819,1,}]
60800,PriceUpdate,0,1,1704441598479643068,[1,{14,1110499,692,11080,723,1,}]
60921,PriceUpdate,0,1,1704441598579645820,[1,{14,1110499,692,11171,632,1,}]
60967,PriceUpdate,0,1,1704441598629646791,[1,{14,1110499,692,11187,616,1,}]
61004,PriceUpdate,0,1,1704441598679649257,[1,{14,1110499,692,11217,586,1,}]
61242,PriceUpdate,0,1,1704441599029660522,[1,{14,1110499,692,11102,701,1,}]
61318,PriceUpdate,0,1,1704441599079663111,[1,{14,1110499,692,11072,819,1,}]
61440,PriceUpdate,0,1,1704441599129664950,[1,{14,1110499,692,11138,828,1,}]
61492,PriceUpdate,0,1,1704441599179666427,[1,{14,1110499,692,11137,829,1,}]
61541,PriceUpdate,0,1,1704441599229667237,[1,{14,1110499,692,11245,705,1,}]
61735,PriceUpdate,0,1,1704441599429674607,[1,{14,1110499,692,11245,709,1,}]
62078,PriceUpdate,0,1,1704441599879729297,[1,{14,1110499,692,11290,664,1,}]
62207,PriceUpdate,0,1,1704441599929730522,[1,{14,1110499,692,11629,325,1,}]
62351,PriceUpdate,0,1,1704441599979864017,[1,{14,1110499,692,11710,303,1,}]
62514,PriceUpdate,0,1,1704441600029865276,[1,{14,1110499,692,11939,422,1,}]
62789,PriceUpdate,0,1,1704441600079866077,[1,{14,1110499,692,11867,494,1,}]
63023,PriceUpdate,0,1,1704441600129867689,[1,{14,1110499,692,12210,101,1,}]
63160,PriceUpdate,0,1,1704441600179869084,[1,{14,1110499,692,12047,264,1,}]
63266,PriceUpdate,0,1,1704441600229869977,[1,{14,1110499,691.8,12235,65,1,}]
63417,PriceUpdate,0,1,1704441600279878606,[1,{14,1110499,691.5,12359,117,2,}]
63622,PriceUpdate,0,1,1704441600330012241,[1,{14,1110499,691.5,12348,51,2,}]
63777,PriceUpdate,0,1,1704441600380019836,[1,{14,1110499,691.5,12359,49,2,}]
63832,PriceUpdate,0,1,1704441600430020752,[1,{14,1110499,691.5,12359,67,2,}]
64201,PriceUpdate,0,1,1704441600680103191,[1,{14,1110499,691.5,12359,329,2,}]
64299,PriceUpdate,0,1,1704441600780112144,[1,{14,1110499,691.4,12359,186,2,}]
64331,PriceUpdate,0,1,1704441600830117233,[1,{14,1110499,691.4,12309,236,2,}]
64496,PriceUpdate,0,1,1704441601030129076,[1,{14,1110499,691.4,12429,116,2,}]
64586,PriceUpdate,0,1,1704441601080131709,[1,{14,1110499,691.5,12452,1,1,}]
64715,PriceUpdate,0,1,1704441601130132718,[1,{14,1110499,691.4,12453,25,2,}]
64920,PriceUpdate,0,1,1704441601230141588,[1,{14,1110499,691.4,12453,19,2,}]
64991,PriceUpdate,0,1,1704441601280144660,[1,{14,1110499,691.4,12453,7,2,}]
65073,PriceUpdate,0,1,1704441601330147861,[1,{14,1110499,691.6,12445,47,2,}]
65149,PriceUpdate,0,1,1704441601380148706,[1,{14,1110499,691.8,12579,39,1,}]
65239,PriceUpdate,0,1,1704441601430151277,[1,{14,1110499,691.6,12619,56,2,}]
65324,PriceUpdate,0,1,1704441601480212194,[1,{14,1110499,691,12720,492,1,}]
65385,PriceUpdate,0,1,1704441601530217741,[1,{14,1110499,691,12720,400,1,}]
65446,PriceUpdate,0,1,1704441601580233844,[1,{14,1110499,691.4,12655,2,2,}]
65502,PriceUpdate,0,1,1704441601630245027,[1,{14,1110499,691.3,12627,27,2,}]
67435,PriceUpdate,0,1,1704441601930269816,[1,{14,1110499,691.6,12619,21,2,}]
67622,PriceUpdate,0,1,1704441602080281975,[1,{14,1110499,691.9,12551,14,2,}]
67794,PriceUpdate,0,1,1704441602130284556,[1,{14,1110499,692,12484,192,1,}]
68247,PriceUpdate,0,1,1704441602430358485,[1,{14,1110499,692,12484,193,1,}]
68404,PriceUpdate,0,1,1704441602530365066,[1,{14,1110499,692,12543,134,1,}]
68701,PriceUpdate,0,1,1704441602780477145,[1,{14,1110499,692,12543,135,1,}]
68836,PriceUpdate,0,1,1704441602930490531,[1,{14,1110499,692,12543,140,1,}]
69057,PriceUpdate,0,1,1704441603131139804,[1,{14,1110499,692,12250,433,1,}]
69142,PriceUpdate,0,1,1704441603181141146,[1,{14,1110499,692,12133,550,1,}]
69244,PriceUpdate,0,1,1704441603231142199,[1,{14,1110499,692,12167,516,1,}]
69359,PriceUpdate,0,1,1704441603331147960,[1,{14,1110499,691.7,12750,389,2,}]
69423,PriceUpdate,0,1,1704441603381151137,[1,{14,1110499,691.7,12750,420,2,}]
69473,PriceUpdate,0,1,1704441603431181114,[1,{14,1110499,691.7,12753,349,2,}]
69537,PriceUpdate,0,1,1704441603481186679,[1,{14,1110499,691.7,12753,384,2,}]
69573,PriceUpdate,0,1,1704441603531188110,[1,{14,1110499,691.7,12753,388,2,}]
69706,PriceUpdate,0,1,1704441603731195129,[1,{14,1110499,691.7,12753,476,2,}]
69778,PriceUpdate,0,1,1704441603781197162,[1,{14,1110499,691.7,12753,576,2,}]
70266,PriceUpdate,0,1,1704441604181296018,[1,{14,1110499,691.7,12753,754,2,}]
70566,PriceUpdate,0,1,1704441604331313234,[1,{14,1110499,691.7,12753,982,2,}]
70611,PriceUpdate,0,1,1704441604381314188,[1,{14,1110499,691.6,12754,9,2,}]
70928,PriceUpdate,0,1,1704441604681655955,[1,{14,1110499,691.6,12754,23,2,}]
71134,PriceUpdate,0,1,1704441604831668414,[1,{14,1110499,691.5,12762,28,2,}]
71169,PriceUpdate,0,1,1704441604881675957,[1,{14,1110499,691.3,12762,0,0,}]
71398,PriceUpdate,0,1,1704441605131695116,[1,{14,1110499,691.7,12753,869,2,}]
71430,PriceUpdate,0,1,1704441605181699267,[1,{14,1110499,691.7,12753,778,2,}]
71795,PriceUpdate,0,1,1704441605331704342,[1,{14,1110499,691.2,12763,5,2,}]
71967,PriceUpdate,0,1,1704441605381706598,[1,{14,1110499,691.5,12799,18,1,}]
72040,PriceUpdate,0,1,1704441605431708797,[1,{14,1110499,691.4,12817,9,2,}]
72764,PriceUpdate,0,1,1704441605631718600,[1,{14,1110499,691.4,12817,22,2,}]
74061,PriceUpdate,0,1,1704441605931738686,[1,{14,1110499,691.6,12754,32,2,}]
74153,PriceUpdate,0,1,1704441605981739609,[1,{14,1110499,691.6,12754,5,2,}]
74434,PriceUpdate,0,1,1704441606131751753,[1,{14,1110499,691.7,12753,791,2,}]
74494,PriceUpdate,0,1,1704441606181754977,[1,{14,1110499,691.7,12753,821,2,}]
74591,PriceUpdate,0,1,1704441606281762940,[1,{14,1110499,691.5,12766,51,1,}]
74670,PriceUpdate,0,1,1704441606331763869,[1,{14,1110499,691.5,12793,24,1,}]
74748,PriceUpdate,0,1,1704441606381765366,[1,{14,1110499,691.5,12796,11,1,}]
74987,PriceUpdate,0,1,1704441606531787893,[1,{14,1110499,691.2,12808,194,2,}]
75041,PriceUpdate,0,1,1704441606581789363,[1,{14,1110499,691.2,12808,221,2,}]
75266,PriceUpdate,0,1,1704441606731798131,[1,{14,1110499,691.5,12758,49,1,}]
75399,PriceUpdate,0,1,1704441606781799495,[1,{14,1110499,691.6,12754,35,2,}]
75494,PriceUpdate,0,1,1704441606831803056,[1,{14,1110499,691.5,12754,53,1,}]
75653,PriceUpdate,0,1,1704441607031807435,[1,{14,1110499,691.7,12753,970,2,}]
75694,PriceUpdate,0,1,1704441607081808870,[1,{14,1110499,691.7,12753,947,2,}]
75794,PriceUpdate,0,1,1704441607131810068,[1,{14,1110499,691.7,12628,943,2,}]
76267,PriceUpdate,0,1,1704441607681861768,[1,{14,1110499,691.6,12629,74,2,}]
76339,PriceUpdate,0,1,1704441607731866982,[1,{14,1110499,691.6,12629,47,2,}]
76803,PriceUpdate,0,1,1704441608031880546,[1,{14,1110499,691.6,12629,17,2,}]
76850,PriceUpdate,0,1,1704441608081950843,[1,{14,1110499,691.7,12628,1001,2,}]
76908,PriceUpdate,0,1,1704441608131958747,[1,{14,1110499,691.7,12628,888,2,}]
77002,PriceUpdate,0,1,1704441608281970707,[1,{14,1110499,691.6,12629,32,2,}]
77526,PriceUpdate,0,1,1704441608631984042,[1,{14,1110499,691.7,12628,1005,2,}]
77603,PriceUpdate,0,1,1704441608681987029,[1,{14,1110499,691.7,12628,973,2,}]
77673,PriceUpdate,0,1,1704441608731989145,[1,{14,1110499,691.7,12628,1004,2,}]
77703,PriceUpdate,0,1,1704441608781990733,[1,{14,1110499,691.2,12638,129,2,}]
77771,PriceUpdate,0,1,1704441608831993108,[1,{14,1110499,691.2,12638,160,2,}]
77833,PriceUpdate,0,1,1704441608881996008,[1,{14,1110499,691.2,12638,215,2,}]
78095,PriceUpdate,0,1,1704441609132004131,[1,{14,1110499,691.2,12638,182,2,}]
78353,PriceUpdate,0,1,1704441609182005657,[1,{14,1110499,691.5,12635,2,1,}]
78396,PriceUpdate,0,1,1704441609232008638,[1,{14,1110499,691.6,12629,33,2,}]
78422,PriceUpdate,0,1,1704441609282010883,[1,{14,1110499,691.6,12629,57,2,}]
78532,PriceUpdate,0,1,1704441609482020699,[1,{14,1110499,691.2,12638,139,2,}]
78575,PriceUpdate,0,1,1704441609532021482,[1,{14,1110499,691.2,12638,170,2,}]
78762,PriceUpdate,0,1,1704441609732029450,[1,{14,1110499,691.6,12629,50,2,}]
78811,PriceUpdate,0,1,1704441609782030652,[1,{14,1110499,691.6,12629,14,2,}]
78841,PriceUpdate,0,1,1704441609832033460,[1,{14,1110499,691.6,12630,43,2,}]
79887,PriceUpdate,0,1,1704441610082039630,[1,{14,1110499,691.7,12629,964,2,}]
79976,PriceUpdate,0,1,1704441610132041046,[1,{14,1110499,691.7,12629,934,2,}]
80152,PriceUpdate,0,1,1704441610182042529,[1,{14,1110499,691.7,12707,781,2,}]
80905,PriceUpdate,0,1,1704441610682186067,[1,{14,1110499,691.7,12707,925,2,}]
81721,PriceUpdate,0,1,1704441611182204138,[1,{14,1110499,691.7,12707,781,2,}]
81905,PriceUpdate,0,1,1704441611332208562,[1,{14,1110499,691.7,12717,880,2,}]
82483,PriceUpdate,0,1,1704441611882225198,[1,{14,1110499,691.7,12717,894,2,}]
82735,PriceUpdate,0,1,1704441612182236713,[1,{14,1110499,691.7,12717,729,2,}]
83024,PriceUpdate,0,1,1704441612382242824,[1,{14,1110499,691.7,12717,897,2,}]
84739,PriceUpdate,0,1,1704441613182271686,[1,{14,1110499,691.7,12717,729,2,}]
86116,PriceUpdate,0,1,1704441613632287116,[1,{14,1110499,691.7,12717,866,2,}]
86984,PriceUpdate,0,1,1704441614132301651,[1,{14,1110499,691.7,12717,867,2,}]
87223,PriceUpdate,0,1,1704441614232303604,[1,{14,1110499,691.7,12717,730,2,}]
87997,PriceUpdate,0,1,1704441614832390636,[1,{14,1110499,691.7,12717,888,2,}]
88052,PriceUpdate,0,1,1704441614882391518,[1,{14,1110499,691.7,12717,889,2,}]
88364,PriceUpdate,0,1,1704441615232405773,[1,{14,1110499,691.7,12717,731,2,}]
88901,PriceUpdate,0,1,1704441615482417275,[1,{14,1110499,691.7,12717,857,2,}]
89116,PriceUpdate,0,1,1704441615632424448,[1,{14,1110499,691.7,12727,847,2,}]
89613,PriceUpdate,0,1,1704441616032505606,[1,{14,1110499,691.7,12727,874,2,}]
89873,PriceUpdate,0,1,1704441616232517735,[1,{14,1110499,691.7,12727,721,2,}]
90421,PriceUpdate,0,1,1704441616532532022,[1,{14,1110499,691.7,12727,850,2,}]
91315,PriceUpdate,0,1,1704441617232561112,[1,{14,1110499,691.7,12727,721,2,}]
92142,PriceUpdate,0,1,1704441617782577792,[1,{14,1110499,691.7,12727,850,2,}]
93300,PriceUpdate,0,1,1704441618282594317,[1,{14,1110499,691.7,12727,721,2,}]
93359,PriceUpdate,0,1,1704441618332595511,[1,{14,1110499,691.7,12727,727,2,}]
93388,PriceUpdate,0,1,1704441618382597974,[1,{14,1110499,691.7,12727,854,2,}]
93450,PriceUpdate,0,1,1704441618482600662,[1,{14,1110499,691,12898,423,1,}]
93518,PriceUpdate,0,1,1704441618532601831,[1,{14,1110499,691,12857,422,1,}]
93634,PriceUpdate,0,1,1704441618632603635,[1,{14,1110499,691,12901,378,1,}]
94127,PriceUpdate,0,1,1704441618932615306,[1,{14,1110499,691,12947,332,1,}]
94172,PriceUpdate,0,1,1704441619032619265,[1,{14,1110499,691,12907,436,1,}]
94288,PriceUpdate,0,1,1704441619082621187,[1,{14,1110499,691,12947,396,1,}]
94423,PriceUpdate,0,1,1704441619232624447,[1,{14,1110499,691,12947,376,1,}]
94483,PriceUpdate,0,1,1704441619282625417,[1,{14,1110499,691.4,12858,53,2,}]
94583,PriceUpdate,0,1,1704441619332626200,[1,{14,1110499,691.4,12838,43,2,}]
94822,PriceUpdate,0,1,1704441619532631692,[1,{14,1110499,691.2,12884,1,1,}]
94842,PriceUpdate,0,1,1704441619582632952,[1,{14,1110499,691.3,12884,0,0,}]
94893,PriceUpdate,0,1,1704441619632633752,[1,{14,1110499,691.2,12884,1,1,}]
95793,PriceUpdate,0,1,1704441620282670582,[1,{14,1110499,691.5,12883,1,1,}]
95874,PriceUpdate,0,1,1704441620332672374,[1,{14,1110499,691.3,12838,0,0,}]
96197,PriceUpdate,0,1,1704441620482676041,[1,{14,1110499,691.2,12839,25,2,}]
96500,PriceUpdate,0,1,1704441620532677739,[1,{14,1110499,691.2,12853,0,0,}]
96621,PriceUpdate,0,1,1704441620582678519,[1,{14,1110499,691,12926,391,1,}]
96697,PriceUpdate,0,1,1704441620632680028,[1,{14,1110499,691,12926,455,1,}]
97301,PriceUpdate,0,1,1704441621082690965,[1,{14,1110499,690.7,13660,67,2,}]
97444,PriceUpdate,0,1,1704441621132692839,[1,{14,1110499,690.7,13637,342,2,}]
97481,PriceUpdate,0,1,1704441621182694589,[1,{14,1110499,690.7,13637,368,2,}]
97523,PriceUpdate,0,1,1704441621232695944,[1,{14,1110499,690.7,13587,418,2,}]
97629,PriceUpdate,0,1,1704441621282697042,[1,{14,1110499,690.2,13658,250,2,}]
97807,PriceUpdate,0,1,1704441621332698423,[1,{14,1110499,690.2,13648,112,2,}]
98020,PriceUpdate,0,1,1704441621432849565,[1,{14,1110499,690.3,13782,6,2,}]
98197,PriceUpdate,0,1,1704441621532851723,[1,{14,1110499,690.3,13784,4,2,}]
98563,PriceUpdate,0,1,1704441621782936731,[1,{14,1110499,690.5,13782,24,2,}]
98619,PriceUpdate,0,1,1704441621832937971,[1,{14,1110499,690.3,13776,1,2,}]
99767,PriceUpdate,0,1,1704441622332952532,[1,{14,1110499,690.7,13789,147,1,}]
99881,PriceUpdate,0,1,1704441622382954132,[1,{14,1110499,691,13801,68,2,}]
100037,PriceUpdate,0,1,1704441622432955451,[1,{14,1110499,690.9,13804,27,2,}]
100616,PriceUpdate,0,1,1704441622832966662,[1,{14,1110499,690.7,13898,122,1,}]
100743,PriceUpdate,0,1,1704441622932970278,[1,{14,1110499,690.7,13897,123,1,}]
101117,PriceUpdate,0,1,1704441623332982219,[1,{14,1110499,690.9,13804,26,2,}]
101817,PriceUpdate,0,1,1704441623382983895,[1,{14,1110499,690.7,13875,145,1,}]
102984,PriceUpdate,0,1,1704441624075058203,[1,{26,1110499,690.7,13875,145,1,}]
12882857,PriceUpdate,0,1,1704472200211913333,[1,{14,1110499,690.9,6091,290,2,}]
12883317,PriceUpdate,0,1,1704472200262138294,[1,{14,1110499,693.9,9462,53,2,}]
12883597,PriceUpdate,0,1,1704472200312140604,[1,{14,1110499,693.9,9463,52,2,}]
12883876,PriceUpdate,0,1,1704472200362456167,[1,{14,1110499,693.9,9463,62,2,}]
12884200,PriceUpdate,0,1,1704472200462570280,[1,{14,1110499,694.1,9463,17,2,}]
12884350,PriceUpdate,0,1,1704472200512576646,[1,{14,1110499,694.1,9463,5,2,}]
12884593,PriceUpdate,0,1,1704472200562578770,[1,{14,1110499,693.9,9463,1,2,}]
12884702,PriceUpdate,0,1,1704472200612580317,[1,{14,1110499,693.9,9463,108,2,}]
12885034,PriceUpdate,0,1,1704472200913424680,[1,{14,1110499,695.9,10095,70,2,}]
12885521,PriceUpdate,0,1,1704472201113668274,[1,{14,1110499,697,11832,1105,2,}]
12885642,PriceUpdate,0,1,1704472201163672226,[1,{14,1110499,697,12425,467,2,}]
12885808,PriceUpdate,0,1,1704472201213674317,[1,{14,1110499,697,12560,676,2,}]
12885926,PriceUpdate,0,1,1704472201313679929,[1,{14,1110499,697,12569,667,2,}]
12886007,PriceUpdate,0,1,1704472201363683455,[1,{14,1110499,698.9,12464,28,2,}]
12886201,PriceUpdate,0,1,1704472201463687113,[1,{14,1110499,699.1,12612,12,2,}]
12886381,PriceUpdate,0,1,1704472201563692632,[1,{14,1110499,699.1,12612,17,2,}]
12886772,PriceUpdate,0,1,1704472202013835653,[1,{14,1110499,699.1,12612,2,2,}]
12886899,PriceUpdate,0,1,1704472202063836497,[1,{14,1110499,699.5,12612,48,2,}]
12887054,PriceUpdate,0,1,1704472202113838818,[1,{14,1110499,699.8,12612,22,2,}]
12887136,PriceUpdate,0,1,1704472202163839650,[1,{14,1110499,699.9,12612,145,2,}]
12887809,PriceUpdate,0,1,1704472203013942391,[1,{14,1110499,699.9,12612,130,2,}]
12887953,PriceUpdate,0,1,1704472203063943634,[1,{14,1110499,699.9,12612,55,2,}]
12888114,PriceUpdate,0,1,1704472203113946316,[1,{14,1110499,700,12612,72,2,}]
12888263,PriceUpdate,0,1,1704472203163951216,[1,{14,1110499,700,12612,7,2,}]
12888433,PriceUpdate,0,1,1704472203363960271,[1,{14,1110499,700,12612,10,2,}]
12888448,PriceUpdate,0,1,1704472203413961488,[1,{14,1110499,708.9,13415,30,1,}]
12888563,PriceUpdate,0,1,1704472203463962877,[1,{14,1110499,700.7,13532,7,2,}]
12888596,PriceUpdate,0,1,1704472203513963891,[1,{14,1110499,700.9,13532,145,2,}]
12888633,PriceUpdate,0,1,1704472203563968765,[1,{14,1110499,701.7,13576,564,1,}]
12888826,PriceUpdate,0,1,1704472203913980695,[1,{14,1110499,701.7,13574,566,1,}]
12888924,PriceUpdate,0,1,1704472204013984170,[1,{14,1110499,701.7,13557,583,1,}]
12889106,PriceUpdate,0,1,1704472204063986308,[1,{14,1110499,702.5,13532,33,2,}]
12889244,PriceUpdate,0,1,1704472204113987102,[1,{14,1110499,704,13532,80,2,}]
12889371,PriceUpdate,0,1,1704472204163988211,[1,{14,1110499,704,13532,16,2,}]
12889403,PriceUpdate,0,1,1704472204263992431,[1,{14,1110499,704,13532,23,2,}]
12889519,PriceUpdate,0,1,1704472204664050182,[1,{14,1110499,704,13532,6,2,}]
12889729,PriceUpdate,0,1,1704472204914066209,[1,{14,1110499,704.8,13532,5,2,}]
12889777,PriceUpdate,0,1,1704472204964069518,[1,{14,1110499,705,13491,41,1,}]
12889840,PriceUpdate,0,1,1704472205014070406,[1,{14,1110499,705,13475,57,1,}]
12890366,PriceUpdate,0,1,1704472205064071860,[1,{14,1110499,703.9,13532,11,2,}]
12890738,PriceUpdate,0,1,1704472205214077188,[1,{14,1110499,705,13499,37,1,}]
12890902,PriceUpdate,0,1,1704472205264078248,[1,{14,1110499,705,13499,26,1,}]
12890991,PriceUpdate,0,1,1704472205364084785,[1,{14,1110499,703.9,13536,7,2,}]
12891146,PriceUpdate,0,1,1704472205564091842,[1,{14,1110499,704,13536,94,2,}]
12891209,PriceUpdate,0,1,1704472205814103629,[1,{14,1110499,704,13540,90,2,}]
12891236,PriceUpdate,0,1,1704472205864111479,[1,{14,1110499,704,13540,80,2,}]
12891527,PriceUpdate,0,1,1704472206014277681,[1,{14,1110499,704,13540,97,2,}]
12891640,PriceUpdate,0,1,1704472206064304564,[1,{14,1110499,708.9,13747,428,1,}]
12891884,PriceUpdate,0,1,1704472206414507903,[1,{14,1110499,702,14262,10,2,}]
12891907,PriceUpdate,0,1,1704472206464508826,[1,{14,1110499,708.9,14581,1554,1,}]
12891995,PriceUpdate,0,1,1704472206714516806,[1,{14,1110499,708.9,14802,1333,1,}]
12892124,PriceUpdate,0,1,1704472207014525278,[1,{14,1110499,708.9,14851,1284,1,}]
12892218,PriceUpdate,0,1,1704472207464539606,[1,{14,1110499,708.9,15024,1111,1,}]
12892413,PriceUpdate,0,1,1704472208014558958,[1,{14,1110499,708.9,15024,1272,1,}]
12892422,PriceUpdate,0,1,1704472208064560468,[1,{14,1110499,708.9,15329,967,1,}]
12892676,PriceUpdate,0,1,1704472208614738986,[1,{14,1110499,708.1,16411,617,1,}]
12892726,PriceUpdate,0,1,1704472208714750796,[1,{14,1110499,708.1,16603,425,1,}]
12892958,PriceUpdate,0,1,1704472209164871551,[1,{14,1110499,708.1,16603,697,1,}]
12893005,PriceUpdate,0,1,1704472209264877205,[1,{14,1110499,708.9,16646,194,1,}]
12893055,PriceUpdate,0,1,1704472209414887063,[1,{14,1110499,708.9,16799,41,1,}]
12893093,PriceUpdate,0,1,1704472209464891156,[1,{14,1110499,708.9,16799,777,1,}]
12893315,PriceUpdate,0,1,1704472209964932511,[1,{14,1110499,708.9,17036,540,1,}]
12893473,PriceUpdate,0,1,1704472210164945170,[1,{14,1110499,708.9,17036,824,1,}]
12893548,PriceUpdate,0,1,1704472210214949555,[1,{14,1110499,708.9,17145,715,1,}]
12893591,PriceUpdate,0,1,1704472210264959866,[1,{14,1110499,708.9,17496,636,1,}]
12893678,PriceUpdate,0,1,1704472210314965162,[1,{14,1110499,708.3,18974,661,1,}]
12893696,PriceUpdate,0,1,1704472210364969290,[1,{14,1110499,708.3,18982,1382,1,}]
12893737,PriceUpdate,0,1,1704472210414973520,[1,{14,1110499,708.9,19025,3576,1,}]
12893787,PriceUpdate,0,1,1704472210464981052,[1,{14,1110499,708.9,19036,3565,1,}]
12893811,PriceUpdate,0,1,1704472210515013239,[1,{14,1110499,708.9,22036,565,1,}]
12893913,PriceUpdate,0,1,1704472210615017368,[1,{14,1110499,708.9,22147,454,1,}]
12893969,PriceUpdate,0,1,1704472210665022782,[1,{14,1110499,708.2,25844,418,1,}]
12894027,PriceUpdate,0,1,1704472210715025848,[1,{14,1110499,708.2,25855,407,1,}]
12894171,PriceUpdate,0,1,1704472210865042979,[1,{14,1110499,708.1,26419,572,1,}]
12894263,PriceUpdate,0,1,1704472211065054203,[1,{14,1110499,708.1,26482,539,1,}]
12894302,PriceUpdate,0,1,1704472211115059962,[1,{14,1110499,701.7,27780,2820,1,}]
12894465,PriceUpdate,0,1,1704472211265068429,[1,{14,1110499,701.7,27928,2672,1,}]
12894555,PriceUpdate,0,1,1704472211565087106,[1,{14,1110499,701.7,29386,1214,1,}]
12894591,PriceUpdate,0,1,1704472211665089107,[1,{14,1110499,701.7,30482,118,1,}]
12894803,PriceUpdate,0,1,1704472211965233119,[1,{14,1110499,701.7,30591,9,1,}]
12895225,PriceUpdate,0,1,1704472212565249784,[1,{14,1110499,701.6,30600,151,2,}]
12895477,PriceUpdate,0,1,1704472212815264318,[1,{14,1110499,701.7,30751,152,1,}]
12895506,PriceUpdate,0,1,1704472212865267103,[1,{14,1110499,701.7,30757,146,1,}]
12895557,PriceUpdate,0,1,1704472212915268636,[1,{14,1110499,701.7,30764,139,1,}]
12895641,PriceUpdate,0,1,1704472213015278804,[1,{14,1110499,697.9,30903,11,2,}]
12895849,PriceUpdate,0,1,1704472213315287022,[1,{14,1110499,697.5,30983,50,1,}]
12896282,PriceUpdate,0,1,1704472213915462745,[1,{14,1110499,697,31138,286,2,}]
12896634,PriceUpdate,0,1,1704472214465489833,[1,{14,1110499,697,31138,692,2,}]
12896643,PriceUpdate,0,1,1704472214515491357,[1,{14,1110499,697,31138,797,2,}]
12896835,PriceUpdate,0,1,1704472214815584697,[1,{14,1110499,697,30950,986,2,}]
12896842,PriceUpdate,0,1,1704472214865585504,[1,{14,1110499,697,31835,101,2,}]
12896982,PriceUpdate,0,1,1704472215065594607,[1,{14,1110499,697,31835,1279,2,}]
12897055,PriceUpdate,0,1,1704472215165600511,[1,{14,1110499,691.2,32689,101,2,}]
12897322,PriceUpdate,0,1,1704472215765635395,[1,{14,1110499,691.2,32689,720,2,}]
12897853,PriceUpdate,0,1,1704472216465914118,[1,{14,1110499,691,32689,813,2,}]
12897886,PriceUpdate,0,1,1704472216615938132,[1,{14,1110499,690.9,31977,46,2,}]
12897977,PriceUpdate,0,1,1704472216665942700,[1,{14,1110499,690,27773,243,2,}]
12898275,PriceUpdate,0,1,1704472217616062985,[1,{14,1110499,690,27822,194,2,}]
12898415,PriceUpdate,0,1,1704472218216088095,[1,{14,1110499,689.6,27872,29,1,}]
12898472,PriceUpdate,0,1,1704472218516100045,[1,{14,1110499,689.6,27901,306,2,}]
12898565,PriceUpdate,0,1,1704472218916110341,[1,{14,1110499,690.6,33811,426,2,}]
12898795,PriceUpdate,0,1,1704472219166118524,[1,{14,1110499,690.6,33811,444,2,}]
12898812,PriceUpdate,0,1,1704472219216122101,[1,{14,1110499,690.6,33811,457,2,}]
12898853,PriceUpdate,0,1,1704472219466131194,[1,{14,1110499,690.5,33888,44,1,}]
12898890,PriceUpdate,0,1,1704472219566134332,[1,{14,1110499,690.3,34447,126,2,}]
12898937,PriceUpdate,0,1,1704472219666136540,[1,{14,1110499,690.3,34447,217,2,}]
12899581,PriceUpdate,0,1,1704472220866263240,[1,{14,1110499,690.3,34496,168,2,}]
12900051,PriceUpdate,0,1,1704472223066332939,[1,{14,1110499,690,34516,78,2,}]
12900152,PriceUpdate,0,1,1704472223366341154,[1,{14,1110499,689.2,34848,606,2,}]
12900308,PriceUpdate,0,1,1704472224016358863,[1,{14,1110499,689.2,34944,510,2,}]
12900320,PriceUpdate,0,1,1704472224166363110,[1,{14,1110499,689.2,34944,554,2,}]
12900703,PriceUpdate,0,1,1704472225516412464,[1,{14,1110499,689.2,34964,534,2,}]
12900817,PriceUpdate,0,1,1704472225866430480,[1,{14,1110499,689.2,35043,455,2,}]
12900848,PriceUpdate,0,1,1704472226016434897,[1,{14,1110499,689.2,35104,394,2,}]
12900860,PriceUpdate,0,1,1704472226066441330,[1,{14,1110499,689.2,35104,539,2,}]
12901063,PriceUpdate,0,1,1704472226516471561,[1,{14,1110499,689.2,35639,4,2,}]
12901311,PriceUpdate,0,1,1704472226916488356,[1,{14,1110499,689.2,35643,45,1,}]
12901333,PriceUpdate,0,1,1704472226966489950,[1,{14,1110499,688.2,36344,209,2,}]
12901424,PriceUpdate,0,1,1704472227066493502,[1,{14,1110499,688.2,36472,81,2,}]
12901590,PriceUpdate,0,1,1704472227416505221,[1,{14,1110499,688.2,36521,32,2,}]
12901678,PriceUpdate,0,1,1704472227516510808,[1,{14,1110499,688.5,36553,5,1,}]
12901795,PriceUpdate,0,1,1704472227816520265,[1,{14,1110499,687.9,36983,13,1,}]
12901877,PriceUpdate,0,1,1704472228316537844,[1,{14,1110499,688,36983,13,1,}]
12901919,PriceUpdate,0,1,1704472228366541612,[1,{14,1110499,686.6,35953,217,1,}]
12901933,PriceUpdate,0,1,1704472228416542612,[1,{14,1110499,686.8,35996,267,1,}]
12902162,PriceUpdate,0,1,1704472229166564747,[1,{14,1110499,686.9,35996,103,1,}]
12902176,PriceUpdate,0,1,1704472229316569630,[1,{14,1110499,686.9,35997,102,1,}]
12902187,PriceUpdate,0,1,1704472229366570570,[1,{14,1110499,686.9,36068,31,1,}]
12902775,PriceUpdate,0,1,1704472230516677575,[1,{14,1110499,686.9,36068,67,1,}]
12902865,PriceUpdate,0,1,1704472230566679629,[1,{14,1110499,686.9,36068,113,1,}]
12902891,PriceUpdate,0,1,1704472230616683260,[1,{14,1110499,686.9,36068,161,1,}]
12902902,PriceUpdate,0,1,1704472230666684930,[1,{14,1110499,686.9,36068,163,1,}]
12903046,PriceUpdate,0,1,1704472231066695606,[1,{14,1110499,686.8,36317,830,1,}]
12903324,PriceUpdate,0,1,1704472232066728568,[1,{14,1110499,686.8,36317,880,1,}]
12903457,PriceUpdate,0,1,1704472232466746025,[1,{14,1110499,687.3,35552,75,1,}]
12903506,PriceUpdate,0,1,1704472232766756895,[1,{14,1110499,687.3,35557,70,1,}]
12903534,PriceUpdate,0,1,1704472232816758077,[1,{14,1110499,687.3,35560,67,1,}]
12903564,PriceUpdate,0,1,1704472233016764196,[1,{14,1110499,687.3,35560,95,1,}]
12903574,PriceUpdate,0,1,1704472233116768041,[1,{14,1110499,687.3,35560,98,1,}]
12903606,PriceUpdate,0,1,1704472233466779198,[1,{14,1110499,687.3,35560,127,1,}]
12903685,PriceUpdate,0,1,1704472233816789922,[1,{14,1110499,687.3,35560,135,1,}]
12903786,PriceUpdate,0,1,1704472234116802641,[1,{14,1110499,687.3,35560,139,1,}]
12903796,PriceUpdate,0,1,1704472234166804384,[1,{14,1110499,687.3,35560,178,1,}]
12903845,PriceUpdate,0,1,1704472234316808040,[1,{14,1110499,687.5,35560,175,1,}]
12903931,PriceUpdate,0,1,1704472234416811097,[1,{14,1110499,687.5,35560,449,1,}]
12903974,PriceUpdate,0,1,1704472234516813584,[1,{14,1110499,687.5,35560,488,1,}]
12903987,PriceUpdate,0,1,1704472234566815869,[1,{14,1110499,686.7,38027,104,1,}]
12904001,PriceUpdate,0,1,1704472234616865927,[1,{14,1110499,687.1,38034,19,1,}]
12904009,PriceUpdate,0,1,1704472234666872585,[1,{14,1110499,687.1,38034,58,1,}]
12904027,PriceUpdate,0,1,1704472234716876517,[1,{14,1110499,687.1,38034,148,1,}]
12904048,PriceUpdate,0,1,1704472234816880469,[1,{14,1110499,687.1,38074,108,1,}]
12904118,PriceUpdate,0,1,1704472235216894942,[1,{14,1110499,687.1,38074,127,1,}]
12904152,PriceUpdate,0,1,1704472235466905353,[1,{14,1110499,687.1,38074,142,1,}]
12904185,PriceUpdate,0,1,1704472235916921878,[1,{14,1110499,687.1,38074,202,1,}]
12904221,PriceUpdate,0,1,1704472236016931835,[1,{14,1110499,687.1,38074,217,1,}]
12904264,PriceUpdate,0,1,1704472236216937897,[1,{14,1110499,687.3,38074,2,1,}]
12904278,PriceUpdate,0,1,1704472236266939333,[1,{14,1110499,687.4,38074,7,1,}]
12904340,PriceUpdate,0,1,1704472236616952011,[1,{14,1110499,690.2,34819,785,1,}]
12904468,PriceUpdate,0,1,1704472237016969361,[1,{14,1110499,690.2,34819,819,1,}]
12904733,PriceUpdate,0,1,1704472237567011047,[1,{14,1110499,690.2,34819,834,1,}]
12904817,PriceUpdate,0,1,1704472237817020578,[1,{14,1110499,690.2,34819,848,1,}]
12904857,PriceUpdate,0,1,1704472238017029165,[1,{14,1110499,690.2,34819,907,1,}]
12904901,PriceUpdate,0,1,1704472238317074704,[1,{14,1110499,690.2,34819,922,1,}]
12904937,PriceUpdate,0,1,1704472238617104228,[1,{14,1110499,690.2,34819,937,1,}]
12905000,PriceUpdate,0,1,1704472239117132529,[1,{14,1110499,690.2,34819,951,1,}]
12905023,PriceUpdate,0,1,1704472239167134330,[1,{14,1110499,689.3,36260,73,2,}]
12905076,PriceUpdate,0,1,1704472239367171483,[1,{14,1110499,689.3,36280,53,2,}]
12905118,PriceUpdate,0,1,1704472239917196166,[1,{14,1110499,689.3,36299,34,2,}]
12905133,PriceUpdate,0,1,1704472240017201875,[1,{14,1110499,689.3,36299,57,2,}]
12905156,PriceUpdate,0,1,1704472240117204650,[1,{14,1110499,689.9,36903,78,2,}]
12905167,PriceUpdate,0,1,1704472240167206283,[1,{14,1110499,689.9,36929,52,2,}]
12905192,PriceUpdate,0,1,1704472240267211880,[1,{14,1110499,689.2,37443,366,2,}]
12905249,PriceUpdate,0,1,1704472240667229892,[1,{14,1110499,689.2,37462,347,2,}]
12905290,PriceUpdate,0,1,1704472240917238980,[1,{14,1110499,689.2,37481,328,2,}]
12905380,PriceUpdate,0,1,1704472241317251699,[1,{14,1110499,689.2,37495,314,2,}]
12905407,PriceUpdate,0,1,1704472241617270717,[1,{14,1110499,688.8,37854,37,1,}]
12905620,PriceUpdate,0,1,1704472242617377827,[1,{14,1110499,688.8,37854,42,1,}]
12906013,PriceUpdate,0,1,1704472245017745080,[1,{14,1110499,688.8,37854,162,1,}]
12906092,PriceUpdate,0,1,1704472245067748534,[1,{14,1110499,687.8,36024,544,2,}]
12906144,PriceUpdate,0,1,1704472245117750606,[1,{14,1110499,687.8,36024,472,2,}]
12906165,PriceUpdate,0,1,1704472245167756588,[1,{14,1110499,688.8,37808,208,1,}]
12906248,PriceUpdate,0,1,1704472245717786604,[1,{14,1110499,687.8,38742,668,2,}]
12906289,PriceUpdate,0,1,1704472246067801824,[1,{14,1110499,687.8,38742,1190,2,}]
12906474,PriceUpdate,0,1,1704472247017843002,[1,{14,1110499,687.1,39938,233,1,}]
12906512,PriceUpdate,0,1,1704472247167847719,[1,{14,1110499,687.1,39938,235,1,}]
12906645,PriceUpdate,0,1,1704472248067885824,[1,{14,1110499,685.1,49025,456,1,}]
12906665,PriceUpdate,0,1,1704472248117889118,[1,{14,1110499,685.1,49025,526,1,}]
12906679,PriceUpdate,0,1,1704472248167895091,[1,{14,1110499,685.1,49025,533,1,}]
12906852,PriceUpdate,0,1,1704472249017950867,[1,{14,1110499,685,49858,12,1,}]
12907157,PriceUpdate,0,1,1704472250468017168,[1,{14,1110499,685.3,49858,723,1,}]
12907168,PriceUpdate,0,1,1704472250518025097,[1,{14,1110499,685.3,50013,568,1,}]
12907231,PriceUpdate,0,1,1704472251068048470,[1,{14,1110499,685.3,50013,569,1,}]
12907315,PriceUpdate,0,1,1704472251318058463,[1,{14,1110499,685.2,50637,118,1,}]
12907569,PriceUpdate,0,1,1704472253568134640,[1,{14,1110499,685.3,50643,677,1,}]
12907645,PriceUpdate,0,1,1704472254518169204,[1,{14,1110499,685.8,50656,87,1,}]
12907776,PriceUpdate,0,1,1704472255018184034,[1,{14,1110499,685.6,50984,843,1,}]
12907796,PriceUpdate,0,1,1704472255118187307,[1,{14,1110499,685.6,50984,917,1,}]
12907820,PriceUpdate,0,1,1704472255218190919,[1,{14,1110499,685.6,50984,923,1,}]
12907891,PriceUpdate,0,1,1704472255618208434,[1,{14,1110499,685.7,50997,38,1,}]
12908031,PriceUpdate,0,1,1704472256068225657,[1,{14,1110499,685.8,50997,18,1,}]
12908124,PriceUpdate,0,1,1704472256218234891,[1,{14,1110499,686.1,50997,452,1,}]
12908200,PriceUpdate,0,1,1704472256818263183,[1,{14,1110499,686.2,50997,29,1,}]
12908590,PriceUpdate,0,1,1704472258168319313,[1,{14,1110499,686.2,50997,38,1,}]
12908684,PriceUpdate,0,1,1704472258718336759,[1,{14,1110499,686.8,51040,794,1,}]
12908864,PriceUpdate,0,1,1704472259568472607,[1,{14,1110499,687.1,51040,86,1,}]
12909060,PriceUpdate,0,1,1704472260118516366,[1,{14,1110499,686.8,51790,747,1,}]
12909141,PriceUpdate,0,1,1704472260218518782,[1,{14,1110499,688.6,51423,415,2,}]
12909280,PriceUpdate,0,1,1704472260468528364,[1,{14,1110499,688.6,51439,399,2,}]
12909502,PriceUpdate,0,1,1704472260518530805,[1,{14,1110499,690,54407,390,2,}]
12909531,PriceUpdate,0,1,1704472260568534806,[1,{14,1110499,690,54415,382,2,}]
12909579,PriceUpdate,0,1,1704472260669369662,[1,{14,1110499,690,54440,396,2,}]
12909822,PriceUpdate,0,1,1704472261069464991,[1,{14,1110499,690,54808,28,2,}]
12909974,PriceUpdate,0,1,1704472261319521119,[1,{14,1110499,690,54879,166,2,}]
12910153,PriceUpdate,0,1,1704472261519540001,[1,{14,1110499,690.2,55112,329,1,}]
12910248,PriceUpdate,0,1,1704472262020047859,[1,{14,1110499,690.2,55120,321,1,}]
12910312,PriceUpdate,0,1,1704472262120054218,[1,{14,1110499,690.2,55120,528,1,}]
12910427,PriceUpdate,0,1,1704472262570178578,[1,{14,1110499,689.9,55666,76,1,}]
12910607,PriceUpdate,0,1,1704472263220220117,[1,{14,1110499,688.9,56387,113,1,}]
12910695,PriceUpdate,0,1,1704472263670247940,[1,{14,1110499,689.2,56916,671,2,}]
12910916,PriceUpdate,0,1,1704472264570302398,[1,{14,1110499,689.2,56916,230,2,}]
12911082,PriceUpdate,0,1,1704472265170327380,[1,{14,1110499,689.2,56916,324,2,}]
12911145,PriceUpdate,0,1,1704472265820391172,[1,{14,1110499,686.6,61761,134,1,}]
12911150,PriceUpdate,0,1,1704472265870394891,[1,{14,1110499,686.6,61869,26,1,}]
12911260,PriceUpdate,0,1,1704472266170407747,[1,{14,1110499,686.4,62591,31,1,}]
12911608,PriceUpdate,0,1,1704472268170583831,[1,{14,1110499,686.1,63291,71,1,}]
12911624,PriceUpdate,0,1,1704472268220587572,[1,{14,1110499,686.1,63291,241,1,}]
12911665,PriceUpdate,0,1,1704472268570601476,[1,{14,1110499,686,63535,807,1,}]
12911687,PriceUpdate,0,1,1704472268670607345,[1,{14,1110499,686.1,63535,113,1,}]
12911744,PriceUpdate,0,1,1704472269170628566,[1,{14,1110499,686.1,63625,23,1,}]
12911764,PriceUpdate,0,1,1704472269270633588,[1,{14,1110499,685.6,66381,346,1,}]
12911775,PriceUpdate,0,1,1704472269320634652,[1,{14,1110499,685.6,66447,280,1,}]
12911782,PriceUpdate,0,1,1704472269420637724,[1,{14,1110499,685.6,66547,180,1,}]
12911796,PriceUpdate,0,1,1704472269720647120,[1,{14,1110499,685.6,66547,331,1,}]
12911833,PriceUpdate,0,1,1704472270170667061,[1,{14,1110499,685.4,67262,79,1,}]
12911865,PriceUpdate,0,1,1704472271070691986,[1,{14,1110499,685.4,67262,80,1,}]
12911900,PriceUpdate,0,1,1704472271620725897,[1,{14,1110499,685.1,68672,938,1,}]
12911918,PriceUpdate,0,1,1704472271770738726,[1,{14,1110499,685.6,68672,431,1,}]
12912004,PriceUpdate,0,1,1704472272920794913,[1,{14,1110499,685.6,68672,491,1,}]
12912088,PriceUpdate,0,1,1704472274120843026,[1,{14,1110499,685.5,69240,305,1,}]
12912108,PriceUpdate,0,1,1704472274570867698,[1,{14,1110499,685.5,69269,276,1,}]
12912148,PriceUpdate,0,1,1704472275170892393,[1,{14,1110499,684.9,72726,24,1,}]
12912159,PriceUpdate,0,1,1704472275220894711,[1,{14,1110499,684.6,73664,1010,1,}]
12912170,PriceUpdate,0,1,1704472275270897039,[1,{14,1110499,684.6,73790,884,1,}]
12912238,PriceUpdate,0,1,1704472275620908547,[1,{14,1110499,684.6,73790,1076,1,}]
12912274,PriceUpdate,0,1,1704472275970921553,[1,{14,1110499,684.6,73790,1117,1,}]
12912379,PriceUpdate,0,1,1704472276320931731,[1,{14,1110499,684.4,75104,1531,2,}]
12912534,PriceUpdate,0,1,1704472277771049199,[1,{14,1110499,684.4,75109,1526,2,}]
12912633,PriceUpdate,0,1,1704472279171150827,[1,{14,1110499,684.4,75109,2018,2,}]
12912703,PriceUpdate,0,1,1704472280271191007,[1,{14,1110499,684.4,75110,2017,2,}]
12913024,PriceUpdate,0,1,1704472284321503167,[1,{14,1110499,684.4,75117,2010,2,}]
12913080,PriceUpdate,0,1,1704472284521511599,[1,{14,1110499,684.4,75297,1830,2,}]
12913434,PriceUpdate,0,1,1704472286371568066,[1,{14,1110499,684.1,77265,292,1,}]
12913449,PriceUpdate,0,1,1704472286421570300,[1,{14,1110499,684.1,77331,226,1,}]
12913502,PriceUpdate,0,1,1704472286721583236,[1,{14,1110499,684.1,77331,234,1,}]
12913773,PriceUpdate,0,1,1704472288421637756,[1,{14,1110499,684.1,77328,237,1,}]
12913838,PriceUpdate,0,1,1704472289371676538,[1,{14,1110499,684.1,77328,244,1,}]
12913970,PriceUpdate,0,1,1704472289771688416,[1,{14,1110499,684.1,77328,538,1,}]
12914136,PriceUpdate,0,1,1704472291321735420,[1,{14,1110499,684.1,77328,543,1,}]
12914546,PriceUpdate,0,1,1704472296371871897,[1,{14,1110499,684.1,77329,542,1,}]
12914603,PriceUpdate,0,1,1704472297321899044,[1,{14,1110499,684.1,77329,270,1,}]
12914628,PriceUpdate,0,1,1704472297571904994,[1,{14,1110499,684.1,77329,308,1,}]
12914703,PriceUpdate,0,1,1704472298671932167,[1,{14,1110499,684.1,77329,309,1,}]
12915153,PriceUpdate,0,1,1704472304972413420,[1,{14,1110499,684.4,77504,2543,2,}]
12915373,PriceUpdate,0,1,1704472306972472658,[1,{14,1110499,684.4,79674,373,2,}]
12915585,PriceUpdate,0,1,1704472308972611085,[1,{14,1110499,684.6,80058,1545,1,}]
12915638,PriceUpdate,0,1,1704472309072614958,[1,{14,1110499,685.1,80058,961,1,}]
12915663,PriceUpdate,0,1,1704472309122617371,[1,{14,1110499,685.1,80058,891,1,}]
12915899,PriceUpdate,0,1,1704472311822698277,[1,{14,1110499,685.1,80058,1270,1,}]
12915920,PriceUpdate,0,1,1704472311872700735,[1,{14,1110499,685.3,79970,11,2,}]
12915939,PriceUpdate,0,1,1704472311922701486,[1,{14,1110499,685.3,79981,167,1,}]
12915958,PriceUpdate,0,1,1704472311972702922,[1,{14,1110499,685.3,79981,235,1,}]
12916006,PriceUpdate,0,1,1704472312022705645,[1,{14,1110499,686.1,79994,8,1,}]
12916035,PriceUpdate,0,1,1704472312072706732,[1,{14,1110499,686.1,79994,74,1,}]
12916053,PriceUpdate,0,1,1704472312122708832,[1,{14,1110499,686.1,79994,88,1,}]
12916536,PriceUpdate,0,1,1704472313772880375,[1,{14,1110499,686.1,79998,84,1,}]
12916714,PriceUpdate,0,1,1704472316022955037,[1,{14,1110499,686.6,79998,561,1,}]
12917075,PriceUpdate,0,1,1704472319823220708,[1,{14,1110499,686.6,80255,304,1,}]
12917142,PriceUpdate,0,1,1704472321073300150,[1,{14,1110499,686.6,80255,305,1,}]
12917244,PriceUpdate,0,1,1704472322523369847,[1,{14,1110499,686.5,80255,250,1,}]
12917276,PriceUpdate,0,1,1704472323373391940,[1,{14,1110499,686.5,80255,251,1,}]
12917333,PriceUpdate,0,1,1704472324823434283,[1,{14,1110499,686.6,80255,31,1,}]
12917372,PriceUpdate,0,1,1704472325373469632,[1,{14,1110499,686.6,79533,753,1,}]
12917378,PriceUpdate,0,1,1704472325473475242,[1,{14,1110499,686.7,79460,52,1,}]
12917522,PriceUpdate,0,1,1704472328173576949,[1,{14,1110499,686.8,78767,434,1,}]
12917635,PriceUpdate,0,1,1704472329623629081,[1,{14,1110499,686.4,78724,211,1,}]
12917686,PriceUpdate,0,1,1704472330473657072,[1,{14,1110499,686.4,78724,210,1,}]
12917714,PriceUpdate,0,1,1704472330573660060,[1,{14,1110499,685.8,78724,854,1,}]
12917868,PriceUpdate,0,1,1704472332423726623,[1,{14,1110499,685.8,78724,851,1,}]
12917906,PriceUpdate,0,1,1704472332523729984,[1,{14,1110499,685.8,78730,845,1,}]
12918076,PriceUpdate,0,1,1704472335823825451,[1,{14,1110499,685.5,78717,1021,1,}]
12918098,PriceUpdate,0,1,1704472336073832479,[1,{14,1110499,685.5,79047,691,1,}]
12918183,PriceUpdate,0,1,1704472338173890796,[1,{14,1110499,685.6,79047,679,1,}]
12918211,PriceUpdate,0,1,1704472338923918177,[1,{14,1110499,685.6,79047,699,1,}]
12918435,PriceUpdate,0,1,1704472341073985344,[1,{14,1110499,685.6,79047,1066,1,}]
12918445,PriceUpdate,0,1,1704472341123986588,[1,{14,1110499,685.6,79047,1037,1,}]
12918481,PriceUpdate,0,1,1704472341223991059,[1,{14,1110499,686.1,79060,97,1,}]
12918816,PriceUpdate,0,1,1704472347824188225,[1,{14,1110499,686.1,79060,98,1,}]
12918819,PriceUpdate,0,1,1704472347874189115,[1,{14,1110499,686.1,78831,327,1,}]
12918824,PriceUpdate,0,1,1704472347974192636,[1,{14,1110499,686.1,78739,419,1,}]
12919084,PriceUpdate,0,1,1704472350724326367,[1,{14,1110499,686.4,78024,282,1,}]
12919267,PriceUpdate,0,1,1704472354274458524,[1,{14,1110499,686.4,78024,289,1,}]
12919629,PriceUpdate,0,1,1704472361774701785,[1,{14,1110499,685.8,78024,977,1,}]
12919680,PriceUpdate,0,1,1704472362424721092,[1,{14,1110499,687.1,78067,951,1,}]
12919763,PriceUpdate,0,1,1704472363974769524,[1,{14,1110499,686.8,78067,724,1,}]
12920013,PriceUpdate,0,1,1704472367524945441,[1,{14,1110499,687.7,78067,135,1,}]
12920357,PriceUpdate,0,1,1704472370025015731,[1,{14,1110499,687.7,77947,255,1,}]
12920487,PriceUpdate,0,1,1704472370075016530,[1,{14,1110499,687.6,78678,44,1,}]
12920528,PriceUpdate,0,1,1704472370125019420,[1,{14,1110499,687.6,78596,126,1,}]
12920577,PriceUpdate,0,1,1704472370475031418,[1,{14,1110499,688,78656,540,1,}]
12920981,PriceUpdate,0,1,1704472376825243887,[1,{14,1110499,688.2,78991,725,1,}]
12920996,PriceUpdate,0,1,1704472376875245276,[1,{14,1110499,688.2,78991,667,1,}]
12921056,PriceUpdate,0,1,1704472377775337255,[1,{14,1110499,688.2,79376,282,1,}]
12921450,PriceUpdate,0,1,1704472381025486058,[1,{14,1110499,688.2,79376,230,1,}]
12921732,PriceUpdate,0,1,1704472382725556140,[1,{14,1110499,688.2,79376,347,1,}]
12922356,PriceUpdate,0,1,1704472394025955994,[1,{14,1110499,687.6,81837,493,1,}]
12922378,PriceUpdate,0,1,1704472394075957806,[1,{14,1110499,687.7,81903,247,1,}]
12922384,PriceUpdate,0,1,1704472394125958878,[1,{14,1110499,687.7,81915,235,1,}]
12923067,PriceUpdate,0,1,1704472398976147180,[1,{14,1110499,687.7,81915,895,1,}]
12923135,PriceUpdate,0,1,1704472399026149689,[1,{14,1110499,687.7,81915,1585,1,}]
12923296,PriceUpdate,0,1,1704472399976248765,[1,{14,1110499,687.7,81915,1255,1,}]
12923672,PriceUpdate,0,1,1704472401076465711,[1,{14,1110499,687.7,81915,1256,1,}]
12924546,PriceUpdate,0,1,1704472405626707908,[1,{14,1110499,688.2,82285,25,2,}]
12925766,PriceUpdate,0,1,1704472416977099620,[1,{14,1110499,688.2,82285,29,2,}]
12925773,PriceUpdate,0,1,1704472417027100428,[1,{14,1110499,688.2,82205,48,1,}]
12925949,PriceUpdate,0,1,1704472421077411148,[1,{14,1110499,688.2,82205,38,1,}]
12926166,PriceUpdate,0,1,1704472422727488426,[1,{14,1110499,688.2,82205,104,1,}]
12926293,PriceUpdate,0,1,1704472426027580256,[1,{14,1110499,688.2,82205,517,1,}]
12926311,PriceUpdate,0,1,1704472426127584158,[1,{14,1110499,688.2,82205,634,1,}]
12926599,PriceUpdate,0,1,1704472428827661516,[1,{14,1110499,688.2,82205,673,1,}]
12926797,PriceUpdate,0,1,1704472430577721657,[1,{14,1110499,688.3,82205,1,1,}]
12926807,PriceUpdate,0,1,1704472430627722562,[1,{14,1110499,688.3,82205,3,1,}]
12926844,PriceUpdate,0,1,1704472431327754798,[1,{14,1110499,688.4,82205,228,1,}]
12927013,PriceUpdate,0,1,1704472432927815982,[1,{14,1110499,688.4,82205,298,1,}]
12927193,PriceUpdate,0,1,1704472437077943971,[1,{14,1110499,688.4,82133,370,1,}]
12927548,PriceUpdate,0,1,1704472440028186955,[1,{14,1110499,688.4,82133,374,1,}]
12927854,PriceUpdate,0,1,1704472440528206127,[1,{14,1110499,688.4,82133,436,1,}]
12927876,PriceUpdate,0,1,1704472440578208517,[1,{14,1110499,688.5,82133,160,1,}]
12927898,PriceUpdate,0,1,1704472440628210282,[1,{14,1110499,688.6,82599,425,2,}]
12928141,PriceUpdate,0,1,1704472441078223771,[1,{14,1110499,688.6,82598,426,2,}]
12928670,PriceUpdate,0,1,1704472446378412423,[1,{14,1110499,688.2,84883,280,2,}]
12928710,PriceUpdate,0,1,1704472446978428315,[1,{14,1110499,688.1,84824,516,1,}]
12928744,PriceUpdate,0,1,1704472447778453278,[1,{14,1110499,688.2,84883,280,2,}]
12928826,PriceUpdate,0,1,1704472449178501206,[1,{14,1110499,688.2,84890,273,2,}]
12928852,PriceUpdate,0,1,1704472449228503316,[1,{14,1110499,688.2,85075,88,2,}]
12928928,PriceUpdate,0,1,1704472449928524596,[1,{14,1110499,688.5,85163,21,1,}]
12928955,PriceUpdate,0,1,1704472450228532551,[1,{14,1110499,688.5,85163,46,1,}]
12929015,PriceUpdate,0,1,1704472450828552033,[1,{14,1110499,688.6,85672,382,2,}]
12929144,PriceUpdate,0,1,1704472451428570122,[1,{14,1110499,688.4,86259,340,1,}]
12929166,PriceUpdate,0,1,1704472451478571551,[1,{14,1110499,688.4,86323,276,1,}]
12929373,PriceUpdate,0,1,1704472453078616259,[1,{14,1110499,688.4,86323,277,1,}]
12929452,PriceUpdate,0,1,1704472453378625325,[1,{14,1110499,688.4,86323,555,1,}]
12929644,PriceUpdate,0,1,1704472454978674635,[1,{14,1110499,688.6,87214,885,1,}]
12931275,PriceUpdate,0,1,1704472461979027228,[1,{14,1110499,688.4,88924,102,1,}]
12931328,PriceUpdate,0,1,1704472462079030342,[1,{14,1110499,688.4,89005,21,1,}]
12931350,PriceUpdate,0,1,1704472462179032451,[1,{14,1110499,688.4,89026,2580,2,}]
12931377,PriceUpdate,0,1,1704472462229033216,[1,{14,1110499,688.4,89026,3450,2,}]
12931817,PriceUpdate,0,1,1704472463979095613,[1,{14,1110499,688.4,89026,3467,2,}]
12931851,PriceUpdate,0,1,1704472464029097285,[1,{14,1110499,688.2,89268,676,1,}]
12931909,PriceUpdate,0,1,1704472464179101220,[1,{14,1110499,688.2,89944,26,2,}]
12932850,PriceUpdate,0,1,1704472465829442600,[1,{14,1110499,688.2,89944,47,2,}]
12932907,PriceUpdate,0,1,1704472465979447064,[1,{14,1110499,688.2,89944,98,2,}]
12933066,PriceUpdate,0,1,1704472466429465211,[1,{14,1110499,688.2,90042,125,1,}]
12933107,PriceUpdate,0,1,1704472466479466461,[1,{14,1110499,688.4,92444,2800,2,}]
12933136,PriceUpdate,0,1,1704472466529467759,[1,{14,1110499,688.4,92444,3454,2,}]
12933206,PriceUpdate,0,1,1704472466729472808,[1,{14,1110499,688.4,92444,482,2,}]
12933335,PriceUpdate,0,1,1704472467029484801,[1,{14,1110499,688.2,93362,291,2,}]
12933746,PriceUpdate,0,1,1704472468779541403,[1,{14,1110499,688.2,93369,284,2,}]
12933847,PriceUpdate,0,1,1704472468979548832,[1,{14,1110499,688.2,93653,156,1,}]
12934182,PriceUpdate,0,1,1704472470029592982,[1,{14,1110499,688.2,93653,195,1,}]
12934302,PriceUpdate,0,1,1704472470179596946,[1,{14,1110499,688.2,93408,245,2,}]
12934559,PriceUpdate,0,1,1704472470529770622,[1,{14,1110499,688.2,93616,37,2,}]
12935392,PriceUpdate,0,1,1704472472879996382,[1,{14,1110499,688.2,93653,33,1,}]
12935678,PriceUpdate,0,1,1704472473780025769,[1,{14,1110499,688.2,93653,37,1,}]
12935687,PriceUpdate,0,1,1704472473830027673,[1,{14,1110499,688.2,93690,225,2,}]
12935967,PriceUpdate,0,1,1704472474680053328,[1,{14,1110499,688.2,93692,223,2,}]
12936302,PriceUpdate,0,1,1704472475580087412,[1,{14,1110499,688.1,93788,34,1,}]
12936475,PriceUpdate,0,1,1704472476330168812,[1,{14,1110499,688.2,94127,616,1,}]
12936526,PriceUpdate,0,1,1704472476430171156,[1,{14,1110499,688.2,94197,546,1,}]
12936628,PriceUpdate,0,1,1704472476780347522,[1,{14,1110499,688.4,93825,3609,2,}]
12937041,PriceUpdate,0,1,1704472477980531896,[1,{14,1110499,688.4,93825,4315,2,}]
12937204,PriceUpdate,0,1,1704472478180539112,[1,{14,1110499,688.4,93825,1546,2,}]
12938086,PriceUpdate,0,1,1704472480080589941,[1,{14,1110499,688.4,93825,1728,2,}]
12938653,PriceUpdate,0,1,1704472480580604011,[1,{14,1110499,688.4,94727,826,2,}]
12938827,PriceUpdate,0,1,1704472480880612494,[1,{14,1110499,688.6,93577,153,1,}]
12939148,PriceUpdate,0,1,1704472481330627948,[1,{14,1110499,688.6,93577,198,1,}]
12939860,PriceUpdate,0,1,1704472482380659106,[1,{14,1110499,688.6,93775,96,2,}]
12939898,PriceUpdate,0,1,1704472482430661003,[1,{14,1110499,688.8,92630,382,2,}]
12939954,PriceUpdate,0,1,1704472482480663351,[1,{14,1110499,688.8,92787,225,2,}]
12940022,PriceUpdate,0,1,1704472482580666665,[1,{14,1110499,688.8,92857,155,2,}]
12940053,PriceUpdate,0,1,1704472482630668353,[1,{14,1110499,688.8,92857,418,2,}]
12940324,PriceUpdate,0,1,1704472483080735778,[1,{14,1110499,688.9,94459,2815,2,}]
12940437,PriceUpdate,0,1,1704472483180737256,[1,{14,1110499,688.9,96541,733,2,}]
12940484,PriceUpdate,0,1,1704472483230738180,[1,{14,1110499,688.9,96541,1134,2,}]
12940547,PriceUpdate,0,1,1704472483280740240,[1,{14,1110499,689.2,98490,1086,2,}]
12940586,PriceUpdate,0,1,1704472483330741717,[1,{14,1110499,689.2,98490,1174,2,}]
12940860,PriceUpdate,0,1,1704472483880758362,[1,{14,1110499,689,98523,273,2,}]
12940874,PriceUpdate,0,1,1704472483980760601,[1,{14,1110499,689,98530,266,2,}]
12940895,PriceUpdate,0,1,1704472484030761603,[1,{14,1110499,689,98554,242,2,}]
12941086,PriceUpdate,0,1,1704472484630776911,[1,{14,1110499,688.9,98585,178,1,}]
12941350,PriceUpdate,0,1,1704472485230845117,[1,{14,1110499,688.9,98697,66,1,}]
12941418,PriceUpdate,0,1,1704472485280846632,[1,{14,1110499,688.9,98763,162,2,}]
12941464,PriceUpdate,0,1,1704472485480852505,[1,{14,1110499,689.2,99580,1246,2,}]
12941519,PriceUpdate,0,1,1704472485580856184,[1,{14,1110499,689.2,99580,1327,2,}]
12941633,PriceUpdate,0,1,1704472485680858991,[1,{14,1110499,689.2,99802,1105,2,}]
12941775,PriceUpdate,0,1,1704472486030868294,[1,{14,1110499,689.2,99802,1233,2,}]
12941973,PriceUpdate,0,1,1704472486680884841,[1,{14,1110499,689,99835,2,2,}]
12942109,PriceUpdate,0,1,1704472487330902291,[1,{14,1110499,689,99835,44,2,}]
12942222,PriceUpdate,0,1,1704472487680913067,[1,{14,1110499,689,99879,156,1,}]
12942356,PriceUpdate,0,1,1704472488080923434,[1,{14,1110499,689,100035,88,2,}]
12942998,PriceUpdate,0,1,1704472489831113335,[1,{14,1110499,688.9,100244,2178,2,}]
12943070,PriceUpdate,0,1,1704472490031122875,[1,{14,1110499,688.9,102360,62,2,}]
12943122,PriceUpdate,0,1,1704472490081123788,[1,{14,1110499,688.9,102360,149,2,}]
12943297,PriceUpdate,0,1,1704472490431136068,[1,{14,1110499,688.9,102509,11,1,}]
12943443,PriceUpdate,0,1,1704472490631142109,[1,{14,1110499,689.2,102068,10,1,}]
12943796,PriceUpdate,0,1,1704472491181227753,[1,{14,1110499,689.2,102078,1245,2,}]
12943880,PriceUpdate,0,1,1704472491331234455,[1,{14,1110499,689.2,102078,1520,2,}]
12943928,PriceUpdate,0,1,1704472491481243049,[1,{14,1110499,689,102160,151,1,}]
12943967,PriceUpdate,0,1,1704472491581247334,[1,{14,1110499,689,102311,124,2,}]
12944022,PriceUpdate,0,1,1704472491681250583,[1,{14,1110499,688.9,98181,3661,2,}]
12944073,PriceUpdate,0,1,1704472491781255493,[1,{14,1110499,688.9,98181,3277,2,}]
12944146,PriceUpdate,0,1,1704472492031268259,[1,{14,1110499,688.9,98181,3661,2,}]
12944272,PriceUpdate,0,1,1704472492231276359,[1,{14,1110499,688.8,96579,1264,2,}]
12944318,PriceUpdate,0,1,1704472492281279463,[1,{14,1110499,688.8,96579,791,2,}]
12944347,PriceUpdate,0,1,1704472492331280246,[1,{14,1110499,688.8,96579,516,2,}]
12944503,PriceUpdate,0,1,1704472492581289076,[1,{14,1110499,688.8,96579,132,2,}]
12944532,PriceUpdate,0,1,1704472492631291651,[1,{14,1110499,688.8,96436,143,1,}]
12944596,PriceUpdate,0,1,1704472492781296813,[1,{14,1110499,688.8,94915,1521,2,}]
12944671,PriceUpdate,0,1,1704472492881299282,[1,{14,1110499,688.8,94915,1444,2,}]
12944867,PriceUpdate,0,1,1704472493231310158,[1,{14,1110499,688.6,93869,101,2,}]
12945049,PriceUpdate,0,1,1704472493331315527,[1,{14,1110499,688.4,93090,410,1,}]
12945116,PriceUpdate,0,1,1704472493381318606,[1,{14,1110499,688.4,93009,464,1,}]
12945269,PriceUpdate,0,1,1704472493681746571,[1,{14,1110499,688.8,91331,1917,2,}]
12945292,PriceUpdate,0,1,1704472493731758971,[1,{14,1110499,688.8,91331,1838,2,}]
12945453,PriceUpdate,0,1,1704472493981819118,[1,{14,1110499,688.8,91321,1848,2,}]
12946078,PriceUpdate,0,1,1704472494532425793,[1,{14,1110499,688.8,91046,2123,2,}]
12946312,PriceUpdate,0,1,1704472494732434040,[1,{14,1110499,688.8,91480,1689,2,}]
12946647,PriceUpdate,0,1,1704472495082594932,[1,{14,1110499,688.8,91480,1691,2,}]
12946892,PriceUpdate,0,1,1704472495232702674,[1,{14,1110499,688.8,91714,1457,2,}]
12946975,PriceUpdate,0,1,1704472495282703518,[1,{14,1110499,688.8,91714,1856,2,}]
12947161,PriceUpdate,0,1,1704472495482785524,[1,{14,1110499,688.8,93382,188,2,}]
12947498,PriceUpdate,0,1,1704472496032824291,[1,{14,1110499,688.8,93382,529,2,}]
12947726,PriceUpdate,0,1,1704472496132978355,[1,{14,1110499,688.8,93868,43,2,}]
12947823,PriceUpdate,0,1,1704472496182980603,[1,{14,1110499,688.8,91720,2191,2,}]
12948035,PriceUpdate,0,1,1704472496583001658,[1,{14,1110499,688.8,91858,2063,2,}]
12948153,PriceUpdate,0,1,1704472496933024966,[1,{14,1110499,688.5,91107,31,2,}]
12948195,PriceUpdate,0,1,1704472496983025896,[1,{14,1110499,688.4,91640,148,1,}]
12948286,PriceUpdate,0,1,1704472497033072499,[1,{14,1110499,688.4,91642,146,1,}]
12948335,PriceUpdate,0,1,1704472497083074023,[1,{14,1110499,688.4,91642,612,1,}]
12948399,PriceUpdate,0,1,1704472497133075680,[1,{14,1110499,688.8,93081,1841,2,}]
12948512,PriceUpdate,0,1,1704472497283160230,[1,{14,1110499,688.8,93081,2065,2,}]
12948550,PriceUpdate,0,1,1704472497333161180,[1,{14,1110499,688.8,93609,1537,2,}]
12948663,PriceUpdate,0,1,1704472497483165059,[1,{14,1110499,688.6,92757,51,1,}]
12949003,PriceUpdate,0,1,1704472498033196140,[1,{14,1110499,688.6,92757,479,1,}]
12949076,PriceUpdate,0,1,1704472498083199126,[1,{14,1110499,688.6,93236,160,2,}]
12949797,PriceUpdate,0,1,1704472499133349772,[1,{14,1110499,688.6,93396,159,1,}]
12949905,PriceUpdate,0,1,1704472499183356805,[1,{14,1110499,688.6,93396,160,1,}]
12950112,PriceUpdate,0,1,1704472499333361814,[1,{14,1110499,688.6,93055,501,1,}]
12950148,PriceUpdate,0,1,1704472499383365133,[1,{14,1110499,688.8,93807,1637,2,}]
12950633,PriceUpdate,0,1,1704472499683486735,[1,{14,1110499,688.8,95444,62,1,}]
12950783,PriceUpdate,0,1,1704472499733489878,[1,{14,1110499,688.8,95444,134,1,}]
12951067,PriceUpdate,0,1,1704472499883496999,[1,{14,1110499,688.9,95493,3950,2,}]
12951256,PriceUpdate,0,1,1704472499933678507,[1,{14,1110499,688.9,95661,3794,2,}]
12951470,PriceUpdate,0,1,1704472499984339510,[1,{14,1110499,688.9,95698,3924,2,}]
12951648,PriceUpdate,0,1,1704472500034341208,[1,{14,1110499,688.9,95903,3719,2,}]
12951739,PriceUpdate,0,1,1704472500084342428,[1,{14,1110499,688.8,95930,583,1,}]
12952072,PriceUpdate,0,1,1704472500284381384,[1,{14,1110499,688.8,95930,542,1,}]
12952609,PriceUpdate,0,1,1704472500634390715,[1,{14,1110499,688.8,95930,590,1,}]
12952707,PriceUpdate,0,1,1704472500684392963,[1,{14,1110499,688.9,96175,3754,2,}]
12952771,PriceUpdate,0,1,1704472500734394635,[1,{14,1110499,688.9,96175,3829,2,}]
12952987,PriceUpdate,0,1,1704472500984434026,[1,{14,1110499,688.9,96087,3917,2,}]
12953069,PriceUpdate,0,1,1704472501034434890,[1,{14,1110499,688.9,96104,3900,2,}]
12954038,PriceUpdate,0,1,1704472501734455486,[1,{14,1110499,688.9,96445,3559,2,}]
12955260,PriceUpdate,0,1,1704472502534526218,[1,{14,1110499,688.9,96786,3218,2,}]
12956504,PriceUpdate,0,1,1704472502834536879,[1,{14,1110499,688.9,97244,2760,2,}]
12957467,PriceUpdate,0,1,1704472503234549958,[1,{14,1110499,688.9,97252,2752,2,}]
12957549,PriceUpdate,0,1,1704472503334771114,[1,{14,1110499,688.9,97593,2411,2,}]
12958397,PriceUpdate,0,1,1704472504284885261,[1,{14,1110499,688.9,97694,2310,2,}]
12958958,PriceUpdate,0,1,1704472504634896725,[1,{14,1110499,688.9,98032,1972,2,}]
12959005,PriceUpdate,0,1,1704472504684900860,[1,{14,1110499,688.9,98057,1947,2,}]
12961007,PriceUpdate,0,1,1704472505584936400,[1,{14,1110499,688.9,98218,1786,2,}]
12961569,PriceUpdate,0,1,1704472505834946673,[1,{14,1110499,688.9,98308,1696,2,}]
12961674,PriceUpdate,0,1,1704472506134955816,[1,{14,1110499,688.9,98308,1672,2,}]
12961782,PriceUpdate,0,1,1704472506384979051,[1,{14,1110499,688.9,97543,2437,2,}]
12963585,PriceUpdate,0,1,1704472507735044839,[1,{14,1110499,688.9,98153,1827,2,}]
12964757,PriceUpdate,0,1,1704472509535105389,[1,{14,1110499,688.9,97882,2098,2,}]
12964808,PriceUpdate,0,1,1704472509835117873,[1,{14,1110499,688.9,97852,2128,2,}]
12965508,PriceUpdate,0,1,1704472511335284206,[1,{14,1110499,688.9,97862,2118,2,}]
12966778,PriceUpdate,0,1,1704472513135335352,[1,{14,1110499,688.9,97512,2468,2,}]
12967135,PriceUpdate,0,1,1704472513416868744,[1,{26,1110499,688.9,97512,2468,2,}]
12986002,PriceUpdate,0,1,1704473700008506737,[1,{33,1110499,688.9,,,,2}]
